diag_id,object_id,method,date,temperature,humidity,illumination,defect_found,defect_description,quality_grade,param1,param2,param3,ml_label
1,39,TFI,2023-12-28,22.89,38.96,6679.81,True,Sit argue pressure rate reveal million.,недопустимо,4.19,18.6,15.07,high
2,53,RGK,2024-10-20,37.97,15.33,9067.14,True,Station price see official lose.,допустимо,10.57,17.85,3.27,high
3,58,MFL,2024-06-03,35.33,61.77,15545.36,False,,недопустимо,,,,normal
4,72,MPK,2024-02-28,35.49,96.62,16009.65,True,Computer describe arm food.,требует мер,14.31,19.04,11.0,
5,97,RGK,2024-03-29,38.19,51.05,17251.93,False,,требует мер,,,,
6,24,TFI,2025-06-22,-14.32,15.89,11258.75,True,Physical move low interview. Even yes simple.,допустимо,19.16,12.04,11.38,high
7,49,VIK,2025-10-21,23.37,7.61,18126.46,True,Available part role industry bar view water long.,требует мер,4.93,10.26,15.78,
8,37,GEO,2024-12-11,-14.68,91.94,13343.83,True,Message yes free method people when window.,удовлетворительно,2.03,15.58,7.87,
9,8,TFI,2024-11-11,31.57,20.76,16271.31,True,Treat he history security among.,допустимо,8.01,6.77,4.36,
10,98,VIBRO,2025-07-22,26.34,33.66,19523.24,False,,допустимо,,,,
11,47,GEO,2025-09-23,36.63,94.99,13312.53,True,Ball church eight environment see meeting.,удовлетворительно,5.03,14.82,17.8,high
12,23,UZK,2025-01-21,1.97,19.6,8453.19,True,Travel pay system at help step goal.,недопустимо,18.59,3.41,13.7,medium
13,91,PVK,2024-12-03,14.89,3.53,18333.31,True,Audience public all hotel research artist.,допустимо,10.61,6.47,7.4,
14,31,GEO,2025-11-28,-4.5,97.8,9258.17,True,Shoulder six vote.,требует мер,15.19,6.49,10.22,high
15,67,TVK,2024-02-24,26.13,90.15,16690.47,False,,недопустимо,,,,
16,69,VIK,2024-04-29,1.46,83.2,12223.77,False,,допустимо,,,,normal
17,23,MPK,2025-09-14,35.83,10.31,14439.09,True,Any anyone performance less side coach benefit.,допустимо,4.37,2.93,4.99,normal
18,80,VIK,2024-12-14,2.68,18.73,12552.61,True,Leg too focus including official.,требует мер,5.05,8.91,13.82,
19,28,VIK,2024-06-20,-17.33,50.29,2038.8,True,Star three today rate let.,удовлетворительно,4.03,6.82,4.9,normal
20,58,TFI,2024-09-16,9.07,21.43,14701.75,False,,требует мер,,,,normal
21,32,GEO,2024-07-04,-19.52,29.92,8373.05,True,Help fight together street as others.,требует мер,18.56,5.97,1.18,
22,19,MPK,2025-07-28,18.13,79.01,12914.41,True,Member eight chair clear put from save.,требует мер,1.28,4.81,16.9,
23,4,TFI,2025-09-21,-13.13,4.08,8011.43,True,Husband ask weight.,удовлетворительно,8.18,15.17,16.14,high
24,57,UTWM,2025-11-20,23.89,4.19,13627.68,True,Over food very north material blood.,допустимо,4.16,6.54,13.24,
25,67,UZK,2024-02-13,38.66,30.55,6528.1,True,Book exist account physical skin similar.,недопустимо,13.78,11.61,5.26,high
26,1,UZK,2025-09-19,-7.55,26.94,18497.79,False,,допустимо,,,,
27,73,VIK,2024-10-28,27.18,33.3,1096.78,True,Both beat too maintain ahead such drop.,недопустимо,17.81,12.96,19.81,
28,69,GEO,2025-08-24,35.01,58.77,19372.65,False,,удовлетворительно,,,,normal
29,91,UZK,2024-02-05,-10.93,10.06,16738.65,True,Direction eye walk money record whatever measure.,недопустимо,3.94,12.23,17.54,medium
30,45,PVK,2025-01-05,23.9,12.44,11887.15,True,Order century new final purpose total.,требует мер,4.63,3.03,8.46,normal
31,32,VIK,2024-10-17,17.89,45.72,1387.15,True,Information Democrat ahead clearly.,удовлетворительно,17.92,6.44,15.48,
32,38,MFL,2024-10-14,-4.89,31.46,7745.98,True,Sing well receive agent offer play.,удовлетворительно,2.15,16.5,1.83,
33,44,TVK,2024-10-23,34.56,61.95,4825.68,True,Exactly child too imagine.,удовлетворительно,15.74,2.68,9.3,medium
34,78,MFL,2024-05-20,5.57,31.77,5537.98,False,,требует мер,,,,normal
35,15,UZK,2025-03-26,4.92,48.33,19321.52,True,Man subject despite color.,удовлетворительно,5.94,6.25,9.36,medium
36,28,UTWM,2025-09-10,11.65,19.98,9291.66,True,Follow quite music become much yourself act.,недопустимо,7.15,5.14,7.69,medium
37,35,MFL,2024-09-26,39.93,75.95,13243.27,True,Staff main safe people series level Mrs.,удовлетворительно,10.98,5.56,12.81,high
38,92,TVK,2025-10-29,25.23,71.73,1753.34,False,,недопустимо,,,,normal
39,71,TVK,2025-07-20,16.55,13.79,10912.83,False,,требует мер,,,,
40,94,UTWM,2025-03-27,36.47,44.69,3377.7,True,Allow strong toward author.,допустимо,4.06,8.24,8.78,medium
41,69,RGK,2024-01-02,9.74,43.07,17275.19,False,,удовлетворительно,,,,normal
42,46,UTWM,2025-11-17,37.19,6.83,2737.48,True,Use find forget sister.,недопустимо,7.62,15.06,0.61,
43,17,GEO,2025-02-08,14.29,24.38,3214.99,True,Center understand a man reality control provide.,удовлетворительно,11.03,17.59,12.45,high
44,11,UTWM,2025-04-16,-10.95,36.51,17797.98,True,Bank test organization apply.,недопустимо,19.51,3.16,12.35,medium
45,9,TVK,2024-07-02,22.21,38.04,5206.65,False,,допустимо,,,,
46,65,TFI,2025-04-25,2.46,14.25,16281.15,False,,недопустимо,,,,
47,11,UZK,2025-03-30,30.75,9.06,12649.13,True,Help future alone same.,требует мер,17.93,11.74,19.83,high
48,60,UTWM,2025-11-11,1.85,3.82,8617.38,False,,допустимо,,,,normal
49,21,RGK,2024-01-12,28.39,29.33,13541.21,True,Contain evening plan better piece story prove.,допустимо,15.26,11.88,6.06,high
50,66,UZK,2025-05-09,-12.21,96.38,13812.44,False,,недопустимо,,,,
51,85,TFI,2024-09-22,38.28,11.21,13322.58,False,,удовлетворительно,,,,normal
52,94,VIBRO,2024-10-08,-9.93,34.73,19456.96,True,Really reduce act nearly past later.,недопустимо,11.16,18.97,17.43,high
53,19,PVK,2024-07-20,32.08,84.15,16437.05,True,Writer save point child.,требует мер,18.81,7.68,5.11,high
54,93,GEO,2024-02-05,15.61,49.89,5267.92,True,Other window house order probably bit new.,удовлетворительно,9.4,15.87,15.26,high
55,25,VIBRO,2024-07-26,-6.66,72.03,6466.64,True,Five decide simply where show win ever.,недопустимо,15.23,14.98,8.6,
56,69,PVK,2025-10-30,-18.0,65.73,10407.19,True,His data do yard fact.,допустимо,2.31,8.03,4.04,normal
57,35,RGK,2024-08-19,-16.91,42.56,18947.17,False,,удовлетворительно,,,,
58,26,TFI,2024-06-13,15.21,53.0,19404.29,True,Might practice name center.,недопустимо,8.45,4.52,6.52,normal
59,69,TFI,2024-09-05,21.95,53.25,15581.91,False,,допустимо,,,,normal
60,45,RGK,2025-03-19,35.74,74.01,16785.96,True,Certainly skill serve woman time long PM or.,удовлетворительно,1.22,2.47,18.52,medium
61,12,GEO,2024-01-13,15.73,46.58,7399.42,True,Fear guess bag cold discuss add within.,допустимо,18.09,16.74,5.83,
62,55,VIK,2025-10-26,-8.87,53.04,13778.65,False,,допустимо,,,,normal
63,32,UZK,2025-06-24,17.55,34.46,17128.04,True,Size art street guy special.,допустимо,3.39,17.31,7.99,medium
64,61,UZK,2024-12-06,22.61,44.27,7559.3,False,,удовлетворительно,,,,normal
65,4,TVK,2025-06-21,-11.26,18.69,7434.92,True,Change throughout follow.,недопустимо,15.14,3.43,2.01,medium
66,40,TVK,2024-12-30,12.91,3.28,13455.67,False,,недопустимо,,,,
67,35,MPK,2025-07-22,-8.48,21.16,8272.42,False,,удовлетворительно,,,,normal
68,94,MFL,2024-03-17,-0.34,93.42,18446.62,True,Light behind campaign body attorney myself every.,удовлетворительно,13.93,12.2,15.03,high
69,43,TFI,2025-02-18,9.16,21.59,5413.59,True,Edge available do again yeah painting choice.,допустимо,10.52,5.73,12.19,medium
70,99,GEO,2023-12-17,11.0,8.77,4946.51,False,,недопустимо,,,,
71,40,VIBRO,2024-07-23,32.24,10.57,7807.97,True,Section assume true school.,удовлетворительно,2.18,2.59,7.48,normal
72,74,MPK,2023-12-23,29.58,1.19,19782.47,True,Model phone team site save necessary quickly.,удовлетворительно,1.7,18.7,8.86,
73,14,TVK,2024-02-20,1.98,33.35,9505.85,False,,требует мер,,,,
74,91,RGK,2025-06-30,6.74,15.09,15630.32,False,,удовлетворительно,,,,normal
75,70,MPK,2025-03-27,-3.99,17.21,14677.08,False,,недопустимо,,,,
76,51,GEO,2024-09-27,-8.77,82.83,18045.34,False,,удовлетворительно,,,,
77,80,RGK,2024-01-12,-17.32,10.86,17819.53,True,Simple American machine last activity.,удовлетворительно,17.59,4.12,18.22,high
78,99,VIBRO,2024-08-02,24.3,7.22,13589.63,True,Change beyond city market.,удовлетворительно,2.4,13.68,15.68,medium
79,43,GEO,2025-11-25,31.82,25.54,12445.16,True,Southern prevent ever our tell.,допустимо,7.81,6.51,8.65,medium
80,79,UTWM,2024-10-06,-3.72,39.83,3102.61,True,Capital task send sort.,требует мер,3.9,19.64,2.93,
81,55,GEO,2024-08-15,7.02,98.49,11665.03,True,Likely dog police institution.,допустимо,8.68,9.4,17.18,
82,42,TVK,2023-12-27,1.23,2.76,10912.68,True,Media political region medical either though.,недопустимо,12.65,2.36,18.04,
83,11,VIK,2024-04-23,-15.55,84.69,5634.39,True,Word compare group room.,допустимо,16.87,8.28,11.74,high
84,59,VIBRO,2025-07-12,24.1,33.15,14751.1,False,,удовлетворительно,,,,normal
85,69,UZK,2024-05-19,24.62,83.88,11755.36,True,Score civil force exactly start admit just.,недопустимо,10.29,17.25,1.83,high
86,74,RGK,2024-10-01,36.39,32.59,1131.73,True,Center against effort owner.,допустимо,13.58,19.83,18.81,high
87,94,UTWM,2025-08-26,15.66,50.23,14305.19,False,,допустимо,,,,normal
88,69,VIK,2023-12-07,-10.37,58.39,17061.84,True,Instead class reflect staff.,допустимо,15.0,3.62,12.66,
89,71,TVK,2025-05-01,29.08,14.86,6235.78,True,Group upon will never.,допустимо,12.44,7.02,15.44,
90,97,UZK,2025-11-22,-18.98,25.15,17970.27,True,Program nearly food today company believe.,недопустимо,10.57,13.25,13.26,
91,9,PVK,2024-07-22,22.96,56.56,1212.6,False,,допустимо,,,,
92,6,VIBRO,2024-05-19,27.75,25.09,2785.23,True,Especially family sometimes under simple office.,допустимо,10.72,2.27,4.92,
93,42,TVK,2024-12-25,-4.35,68.43,14637.07,True,Even hand author ago American.,допустимо,8.58,4.16,16.79,
94,37,UTWM,2025-05-12,-0.58,83.7,9729.49,True,Ever develop front which wish despite.,недопустимо,5.66,3.42,11.63,
95,94,VIBRO,2024-09-01,31.18,33.76,1049.08,False,,допустимо,,,,normal
96,57,UTWM,2025-03-22,-3.62,84.16,18695.7,True,Policy century away right two size task player.,недопустимо,2.93,0.74,14.39,
97,50,UTWM,2024-12-31,5.88,92.82,250.78,True,Man hot mother key product increase.,требует мер,11.05,14.01,7.91,
98,49,UTWM,2025-08-26,32.41,25.96,11532.48,True,Thought window beautiful only billion person.,допустимо,1.47,17.94,16.91,
99,5,TFI,2024-09-15,32.91,4.75,9946.11,True,Write foot our eat trip hope.,требует мер,18.33,4.74,3.78,medium
100,10,MPK,2024-06-23,9.91,7.26,6751.68,True,Begin sound fact want future once wide late.,требует мер,9.47,19.23,9.48,
101,97,VIBRO,2024-05-05,33.48,38.08,1989.22,True,Power memory participant beat born Mrs.,удовлетворительно,13.19,5.87,1.5,
102,10,TVK,2025-04-27,27.58,82.94,17744.01,False,,недопустимо,,,,normal
103,33,VIK,2024-03-21,-19.99,42.88,5928.59,True,Author speech today imagine.,требует мер,17.69,10.87,14.01,
104,75,MPK,2025-10-25,9.15,66.86,11412.09,True,Foreign strong day short. Of job market central.,удовлетворительно,17.05,18.79,0.78,high
105,41,VIK,2025-10-26,-11.28,82.19,9454.77,False,,допустимо,,,,normal
106,76,VIBRO,2024-03-28,27.52,51.1,13501.74,True,Still first various to perform.,удовлетворительно,1.62,2.55,1.7,
107,3,VIK,2024-03-31,36.06,88.26,1185.02,False,,требует мер,,,,normal
108,41,TVK,2025-08-13,22.88,62.47,7253.11,True,School box before near person center author.,удовлетворительно,5.48,16.62,16.66,
109,89,MPK,2024-08-10,27.15,40.75,14932.88,True,Relationship tend bed list somebody free.,удовлетворительно,6.95,4.62,12.15,medium
110,9,TVK,2025-06-24,-18.66,28.72,12960.67,False,,недопустимо,,,,normal
111,78,VIK,2024-02-12,-19.26,39.69,9270.98,False,,требует мер,,,,
112,38,GEO,2024-06-06,34.49,65.88,15843.21,True,Inside glass poor almost summer let.,недопустимо,17.0,15.1,11.16,high
113,6,UZK,2025-04-24,6.46,62.52,10616.63,True,Unit west need walk scientist wind.,требует мер,3.35,15.52,12.83,medium
114,92,MPK,2025-10-29,-4.19,7.13,15019.18,True,Modern take analysis center some.,недопустимо,9.71,4.67,2.62,normal
115,43,GEO,2025-08-10,12.83,21.22,15087.98,False,,недопустимо,,,,
116,29,PVK,2025-07-19,-4.46,97.97,2422.81,True,Can star almost table their environmental south.,допустимо,18.42,17.56,16.38,high
117,99,UZK,2024-11-07,13.52,23.52,4853.51,True,Star stuff century truth consider.,требует мер,18.58,7.73,5.74,medium
118,46,TVK,2024-09-13,-17.75,13.07,18606.84,False,,требует мер,,,,
119,18,TVK,2025-10-16,13.35,31.15,5949.53,False,,недопустимо,,,,
120,59,PVK,2024-04-03,-10.49,26.51,9457.58,False,,требует мер,,,,normal
121,86,MPK,2025-11-05,9.31,70.11,2404.37,True,Board forward former read care kid.,допустимо,8.41,8.01,14.21,
122,48,MFL,2024-07-04,1.62,55.39,12733.87,False,,удовлетворительно,,,,normal
123,81,MFL,2024-05-20,6.48,62.34,2652.81,False,,удовлетворительно,,,,normal
124,4,MFL,2024-02-01,-0.83,0.66,11833.21,True,Make career high. Throw base art wide.,недопустимо,6.05,12.64,1.08,medium
125,89,MPK,2025-01-09,-7.85,15.19,14153.97,True,Discuss decade must war challenge.,недопустимо,4.91,7.35,16.71,
126,98,VIBRO,2025-07-11,-10.81,39.89,15162.12,True,Somebody reflect think family movie how.,требует мер,2.9,11.41,16.6,medium
127,39,VIK,2024-06-27,-19.73,31.17,4471.03,False,,требует мер,,,,
128,60,VIBRO,2025-03-17,-6.76,33.77,5303.23,True,Current challenge option room type.,требует мер,0.86,4.4,9.42,
129,37,VIBRO,2024-11-01,5.38,42.14,8377.38,False,,удовлетворительно,,,,normal
130,92,RGK,2025-09-26,10.0,1.47,2261.9,True,Anything theory front station budget world pick.,недопустимо,7.66,17.3,7.51,medium
131,44,PVK,2025-09-18,14.63,95.5,2679.65,False,,требует мер,,,,normal
132,59,MFL,2025-04-02,34.45,94.58,14722.64,False,,требует мер,,,,normal
133,39,MPK,2025-04-02,34.48,39.96,16993.83,False,,удовлетворительно,,,,
134,80,VIBRO,2025-06-10,-10.06,83.26,4882.01,False,,недопустимо,,,,normal
135,68,PVK,2025-04-03,32.59,64.89,15817.8,False,,допустимо,,,,
136,24,UZK,2025-05-14,5.41,94.74,857.84,True,Step hour start travel offer.,требует мер,16.1,11.67,5.37,high
137,74,TVK,2024-03-19,16.47,20.16,5412.3,True,Can subject total final institution control.,недопустимо,14.09,15.88,10.66,high
138,43,MFL,2024-12-06,23.13,39.32,12541.13,False,,недопустимо,,,,normal
139,12,VIBRO,2025-07-09,14.83,49.97,6641.52,False,,удовлетворительно,,,,normal
140,5,PVK,2024-10-19,-7.1,27.11,15181.71,False,,удовлетворительно,,,,normal
141,13,PVK,2023-12-29,-17.19,19.53,19164.73,True,True present theory nothing professor live word.,недопустимо,3.75,8.25,3.02,
142,54,MFL,2024-02-28,20.89,18.75,7680.8,True,Dark choice weight billion.,допустимо,0.52,15.14,5.06,medium
143,6,TVK,2025-12-05,-19.73,84.52,7645.39,True,Each unit gas data.,удовлетворительно,19.42,5.97,8.17,high
144,21,TFI,2025-05-29,26.39,23.16,547.2,True,Information see guess box.,удовлетворительно,6.65,13.21,17.98,high
145,35,MFL,2024-10-30,-14.17,19.12,12968.6,False,,требует мер,,,,normal
146,13,RGK,2024-02-26,-10.5,37.7,16541.42,False,,недопустимо,,,,
147,90,MFL,2024-01-28,-7.3,42.92,388.49,True,Various something discuss.,недопустимо,14.28,14.52,15.05,
148,70,PVK,2024-04-10,17.75,63.05,391.73,False,,недопустимо,,,,normal
149,87,GEO,2024-05-17,16.21,84.91,18286.8,True,Sign sit woman as.,требует мер,14.05,8.12,11.66,
150,22,UTWM,2024-05-24,29.1,19.08,7136.65,True,Environment become arm to.,требует мер,9.52,10.6,11.09,
151,34,TFI,2024-05-07,0.21,59.78,18297.65,True,Fall stuff long book.,недопустимо,12.98,17.68,12.76,
152,63,MPK,2024-05-11,2.08,40.76,9304.66,True,Report see detail question notice.,требует мер,7.79,14.98,8.15,
153,8,VIBRO,2024-10-07,12.35,32.27,19976.87,False,,требует мер,,,,normal
154,68,TVK,2024-09-28,-4.87,96.59,4296.76,True,Add reality political between guy above word.,требует мер,13.3,5.91,7.88,
155,46,MFL,2024-12-13,30.48,57.05,9403.06,True,Option affect response population decision.,недопустимо,19.11,10.95,3.63,
156,85,GEO,2024-05-06,36.37,46.75,14522.72,True,Pay week plan economy difficult.,удовлетворительно,9.96,12.4,13.76,high
157,53,MFL,2023-12-28,2.15,36.47,15490.61,False,,удовлетворительно,,,,
158,66,UTWM,2024-03-01,33.62,25.66,16108.97,False,,допустимо,,,,normal
159,8,VIK,2024-05-23,-16.64,21.05,12699.96,False,,недопустимо,,,,
160,40,VIBRO,2024-04-13,33.41,1.35,2269.45,False,,недопустимо,,,,normal
161,4,RGK,2025-03-11,16.76,39.68,18011.75,True,Raise lay local everybody model career bit item.,требует мер,19.49,10.19,12.2,high
162,50,VIBRO,2025-03-21,-2.26,58.15,14852.22,True,It outside face art inside field particular.,удовлетворительно,10.52,5.77,7.0,
163,62,UTWM,2025-05-04,-14.84,20.28,14975.42,True,Her employee these.,недопустимо,7.63,17.16,9.31,
164,2,UTWM,2024-06-26,14.77,72.88,2831.03,False,,требует мер,,,,
165,67,MFL,2024-04-15,35.66,99.94,696.42,True,Cover better late through company.,недопустимо,14.45,9.57,17.51,high
166,43,MPK,2024-09-10,8.97,33.3,12268.68,False,,недопустимо,,,,
167,23,MFL,2025-08-31,34.87,10.7,18609.35,True,Growth start drive collection spring take very.,удовлетворительно,0.68,6.19,1.06,
168,12,MPK,2024-12-11,23.28,53.21,13675.03,False,,допустимо,,,,normal
169,36,VIBRO,2024-05-16,36.71,13.93,4190.3,False,,недопустимо,,,,normal
170,66,GEO,2025-10-12,-11.93,5.25,4401.52,False,,допустимо,,,,normal
171,34,MFL,2025-04-16,-17.48,11.83,19744.61,False,,требует мер,,,,normal
172,90,MPK,2024-06-16,19.09,70.28,7286.57,True,Like other truth.,недопустимо,5.09,17.74,9.98,medium
173,61,VIBRO,2024-10-07,4.07,99.4,1718.08,False,,допустимо,,,,normal
174,47,MPK,2025-06-02,17.49,38.03,7421.77,True,Run word bank bring ten.,допустимо,17.67,6.86,15.51,high
175,60,VIBRO,2025-11-24,-1.96,14.12,7425.46,False,,допустимо,,,,normal
176,20,MPK,2025-02-10,-2.21,39.12,16723.25,False,,требует мер,,,,
177,40,VIBRO,2024-08-22,6.63,43.05,12767.98,False,,требует мер,,,,normal
178,64,TFI,2024-12-27,-15.35,97.86,8556.53,True,Move single rest. Unit task Mr situation.,удовлетворительно,19.06,13.32,4.67,high
179,56,VIBRO,2025-02-17,-10.94,47.77,16437.93,True,Successful what happy us short.,требует мер,17.78,4.28,6.51,medium
180,17,MFL,2024-09-15,28.69,89.68,374.03,True,Recognize answer throw picture say himself.,допустимо,7.06,1.83,12.08,
181,36,MPK,2025-02-17,27.88,18.9,10164.75,True,Cost fly American again blue option.,требует мер,14.47,1.1,0.77,
182,15,UTWM,2024-07-02,-8.06,32.41,18359.41,False,,недопустимо,,,,
183,5,MFL,2024-03-14,-4.39,92.48,3740.05,True,Face identify be structure.,недопустимо,12.81,17.19,12.85,high
184,36,MPK,2024-11-02,-19.32,20.09,3285.76,False,,допустимо,,,,
185,21,VIBRO,2025-03-28,3.94,53.1,830.26,True,Born change hard apply feel.,требует мер,8.04,16.64,2.92,
186,62,GEO,2025-09-03,8.02,38.02,19097.53,True,Chance anyone radio color dog some.,удовлетворительно,8.06,14.43,5.65,
187,84,PVK,2024-03-25,24.43,15.05,13972.81,True,Surface best among writer film peace.,требует мер,10.24,1.13,4.41,normal
188,80,UZK,2025-04-28,36.02,57.84,8602.22,False,,требует мер,,,,
189,12,VIBRO,2024-03-13,16.12,51.83,15664.41,True,Bar move early during recognize.,удовлетворительно,0.53,3.4,1.61,normal
190,70,RGK,2024-03-10,14.32,42.05,1824.84,False,,удовлетворительно,,,,normal
191,43,TFI,2025-09-23,3.26,30.72,17721.64,False,,требует мер,,,,
192,31,VIK,2025-06-18,33.77,16.8,5133.38,False,,допустимо,,,,
193,86,UTWM,2025-11-22,23.56,13.16,2848.69,True,Figure state form check bit plant.,удовлетворительно,1.59,12.05,1.33,
194,1,UZK,2025-03-23,2.12,6.74,19228.55,False,,допустимо,,,,normal
195,87,GEO,2024-03-03,35.89,21.82,10715.62,False,,удовлетворительно,,,,normal
196,31,PVK,2024-04-30,-13.44,91.12,18677.39,True,Range happy rest my kid dream on likely.,требует мер,7.28,14.59,18.81,
197,69,UZK,2024-02-28,26.26,29.48,5703.04,False,,допустимо,,,,
198,98,RGK,2024-12-27,18.47,17.36,9378.11,True,Realize can issue.,допустимо,17.18,7.15,13.5,
199,56,VIBRO,2024-01-09,32.37,25.24,284.97,True,Audience bad require contain few.,допустимо,2.89,6.91,10.93,
200,74,MPK,2023-12-22,-17.55,37.68,18365.22,True,Network go tree thousand level word thought.,требует мер,10.22,1.88,5.59,
201,29,PVK,2023-12-20,-4.8,25.87,4465.17,True,Official worker even positive Republican age.,допустимо,2.31,9.11,14.82,medium
202,15,VIBRO,2024-07-14,10.55,88.19,254.15,False,,недопустимо,,,,
203,97,VIBRO,2025-02-10,-12.76,64.25,15539.21,False,,требует мер,,,,normal
204,44,MPK,2024-10-05,14.22,12.06,8230.74,False,,удовлетворительно,,,,
205,53,RGK,2024-03-05,22.2,74.2,19287.73,False,,недопустимо,,,,normal
206,92,GEO,2024-05-13,-8.19,63.66,17639.18,True,Manage door get experience throughout.,требует мер,3.45,15.16,12.27,
207,58,TVK,2025-12-04,29.4,48.14,16044.09,False,,требует мер,,,,normal
208,20,MPK,2025-02-04,28.94,97.47,19725.78,False,,недопустимо,,,,
209,15,GEO,2024-11-07,39.57,61.95,9862.73,False,,недопустимо,,,,normal
210,45,MPK,2024-06-03,10.48,28.69,3575.47,True,Marriage protect score Congress.,недопустимо,11.47,10.37,11.32,high
211,54,VIK,2025-10-22,3.42,85.22,13009.8,True,Section scientist those.,удовлетворительно,7.43,6.61,10.74,
212,4,MFL,2025-10-03,-10.76,63.79,1623.2,False,,требует мер,,,,normal
213,89,UZK,2024-08-07,-3.47,29.83,15518.15,False,,допустимо,,,,normal
214,74,PVK,2024-01-11,4.66,44.08,16614.2,True,Political painting teach to audience break.,удовлетворительно,8.15,8.24,16.17,medium
215,62,TVK,2025-04-30,2.44,44.43,2230.32,False,,недопустимо,,,,normal
216,22,RGK,2024-02-05,-14.12,32.78,1172.96,False,,недопустимо,,,,
217,81,VIBRO,2025-11-07,6.56,99.39,17443.04,False,,недопустимо,,,,
218,14,TVK,2024-10-21,-7.57,30.78,10933.03,True,Able sign loss. Low bag south hit news meeting.,требует мер,0.56,8.25,19.54,medium
219,13,VIBRO,2025-12-06,-17.17,10.98,2018.56,False,,допустимо,,,,
220,81,GEO,2025-07-20,-4.25,43.49,4095.65,False,,требует мер,,,,normal
221,53,PVK,2025-07-13,-7.12,37.68,8927.09,False,,допустимо,,,,normal
222,91,GEO,2024-04-05,26.35,7.93,10915.67,True,Force project crime money join in follow race.,требует мер,6.5,9.11,6.91,
223,38,PVK,2024-09-23,19.18,92.4,16454.98,True,My approach send read her off. Work carry do.,недопустимо,5.12,17.24,1.67,
224,68,MFL,2025-06-21,-13.81,93.85,16596.61,False,,требует мер,,,,normal
225,54,MPK,2025-02-25,34.54,22.26,6933.41,False,,допустимо,,,,normal
226,59,TFI,2024-01-21,9.97,70.44,10070.99,False,,удовлетворительно,,,,normal
227,39,RGK,2025-03-08,3.3,11.13,19712.14,False,,недопустимо,,,,normal
228,46,VIK,2025-02-15,8.44,51.11,12140.6,False,,допустимо,,,,
229,28,VIK,2024-10-12,39.23,67.85,14063.32,False,,удовлетворительно,,,,
230,71,TFI,2024-11-02,18.14,65.82,10801.58,False,,требует мер,,,,normal
231,2,VIK,2024-03-15,26.55,86.8,12691.28,True,Real check short color less.,допустимо,12.68,6.82,18.66,
232,65,MPK,2025-01-15,33.54,27.17,11524.45,True,New pass new. Stuff phone thus worker.,недопустимо,18.14,11.36,11.5,high
233,72,RGK,2024-09-09,-6.72,66.32,15606.87,True,Those others public trade red.,недопустимо,10.95,3.73,13.15,medium
234,6,PVK,2025-10-02,24.11,93.76,10207.96,True,Season thus very themselves population put.,требует мер,6.18,10.74,14.49,high
235,44,VIK,2025-03-13,11.51,52.66,11176.73,False,,удовлетворительно,,,,normal
236,39,UZK,2025-09-21,-12.82,47.44,1744.64,False,,удовлетворительно,,,,
237,66,MPK,2025-10-26,-6.41,12.95,16663.36,True,Whom season through manager civil may city.,требует мер,19.56,2.48,14.24,
238,42,VIK,2025-02-16,35.11,32.99,6397.38,False,,удовлетворительно,,,,normal
239,88,MFL,2024-07-27,-0.17,96.21,13805.51,False,,недопустимо,,,,normal
240,60,GEO,2025-04-27,30.68,81.17,5309.77,True,May behavior pretty low shoulder college company.,удовлетворительно,6.21,4.48,16.31,high
241,55,GEO,2025-05-03,-8.22,94.23,4346.0,False,,допустимо,,,,normal
242,4,TVK,2025-02-16,24.9,71.08,4209.32,True,New often nation only pressure.,допустимо,10.04,2.44,19.08,medium
243,29,RGK,2025-12-02,-14.98,93.75,15450.22,False,,допустимо,,,,
244,36,UZK,2025-10-20,3.39,1.21,3647.31,False,,недопустимо,,,,
245,49,VIBRO,2024-08-02,37.67,9.84,4693.43,True,Field dark investment score.,допустимо,12.11,5.27,19.77,high
246,87,UTWM,2024-01-27,22.94,53.36,12086.69,False,,допустимо,,,,normal
247,28,VIBRO,2025-01-20,37.4,69.68,9818.88,True,Number meeting add support bring.,недопустимо,13.21,10.04,16.23,high
248,74,MFL,2025-09-19,29.69,4.81,14886.46,False,,удовлетворительно,,,,
249,88,VIBRO,2025-05-25,32.18,37.75,19023.19,False,,требует мер,,,,normal
250,7,RGK,2025-10-30,11.4,90.87,18237.97,True,Health listen increase.,недопустимо,8.2,0.83,7.37,medium
251,55,PVK,2024-03-01,36.55,52.05,12382.45,True,Responsibility always shoulder young south.,требует мер,14.55,16.99,11.07,
252,60,UZK,2025-01-20,-17.1,13.01,19309.61,False,,недопустимо,,,,
253,73,GEO,2024-02-12,-11.79,81.74,16332.27,False,,допустимо,,,,normal
254,40,UZK,2024-01-10,16.33,78.22,19078.29,True,Avoid hard wind bad because appear before.,требует мер,19.66,2.01,18.19,high
255,93,MFL,2025-09-05,27.1,10.9,13850.95,True,Worry medical tend there network.,допустимо,13.79,19.04,16.4,high
256,29,MFL,2024-09-30,-14.68,6.18,15583.5,False,,допустимо,,,,
257,19,UTWM,2024-01-06,39.51,9.24,17084.6,True,Improve drug note I number sometimes discover.,недопустимо,12.09,7.97,6.68,medium
258,21,VIK,2025-11-26,-9.25,61.49,10313.45,True,Yourself big evening college.,допустимо,6.67,6.08,12.55,medium
259,9,UTWM,2025-09-24,0.34,67.19,9714.83,False,,недопустимо,,,,normal
260,4,VIK,2024-05-31,3.04,39.5,8216.06,True,Leader activity local until work.,недопустимо,8.13,1.36,17.23,medium
261,66,VIK,2025-05-31,38.23,26.45,11322.49,True,Whom choice under how society.,допустимо,3.16,14.3,10.92,
262,49,GEO,2024-06-26,19.99,0.58,19948.68,True,Beyond something kid fill draw.,недопустимо,14.19,14.0,1.14,
263,47,VIK,2024-11-30,38.97,52.92,10935.48,False,,требует мер,,,,normal
264,58,VIBRO,2024-06-12,-5.98,66.47,3280.15,False,,допустимо,,,,normal
265,8,GEO,2025-04-08,13.09,76.06,14437.7,True,Cut perform middle meet center.,требует мер,13.13,16.87,17.55,
266,73,TFI,2024-04-02,-13.49,7.49,11596.02,True,Account establish anyone develop inside middle.,удовлетворительно,7.0,7.59,11.22,medium
267,66,GEO,2024-03-14,8.95,90.7,3001.38,False,,требует мер,,,,
268,37,TVK,2024-02-21,30.83,11.17,3693.78,False,,удовлетворительно,,,,normal
269,88,MFL,2025-04-06,-9.49,23.35,2715.19,True,Administration positive look task seem write.,удовлетворительно,6.04,8.31,8.98,medium
270,13,MPK,2025-02-05,-6.3,12.19,4000.37,True,Series raise save outside down game.,требует мер,3.54,2.19,15.04,
271,26,TVK,2025-03-09,13.32,11.81,17888.22,True,Bag article chance citizen memory same plan.,допустимо,18.5,0.78,3.42,medium
272,86,TVK,2024-08-25,-1.44,74.48,2758.54,False,,удовлетворительно,,,,
273,84,TVK,2025-05-25,27.53,78.38,11319.78,True,Cause travel surface positive.,недопустимо,4.83,8.39,1.99,
274,96,PVK,2025-03-20,-9.21,80.14,874.87,False,,требует мер,,,,normal
275,74,UZK,2025-05-24,-17.54,54.58,170.09,True,Name general evening anyone explain side act.,удовлетворительно,19.65,2.87,15.87,
276,8,UZK,2025-10-28,-10.23,56.89,11350.61,False,,допустимо,,,,normal
277,47,VIK,2025-08-14,34.45,35.81,5681.29,False,,удовлетворительно,,,,normal
278,32,VIK,2024-11-07,8.41,23.07,16085.24,True,Expert let edge have public finally plant.,удовлетворительно,14.67,14.87,7.21,
279,43,PVK,2024-10-12,-8.85,64.81,14841.29,True,Right while few fear information that admit.,удовлетворительно,17.21,7.35,11.24,high
280,89,VIK,2024-09-20,1.7,24.7,14925.59,True,Person receive bad doctor quite age.,требует мер,16.71,7.86,10.04,high
281,84,MPK,2024-01-12,-19.58,19.7,16830.83,False,,требует мер,,,,
282,54,PVK,2025-01-25,38.23,56.78,19995.17,True,Term even growth few tough personal.,удовлетворительно,16.7,19.16,13.33,high
283,81,VIK,2023-12-23,21.28,2.65,6085.39,True,These art bag so something.,допустимо,9.27,16.72,14.66,
284,81,TVK,2025-09-21,1.89,96.7,5203.89,False,,недопустимо,,,,
285,17,VIK,2024-11-23,20.57,86.67,15173.97,False,,удовлетворительно,,,,
286,21,UTWM,2024-10-12,-4.19,26.41,8523.98,True,Place either check stuff.,недопустимо,16.88,9.47,7.7,
287,52,VIBRO,2023-12-23,-4.51,47.66,14262.95,True,Public whatever wind hit dark lot clear war.,удовлетворительно,18.4,16.61,4.17,high
288,98,TVK,2024-08-31,19.94,4.73,17616.15,True,Like third soon against.,недопустимо,3.54,7.87,3.78,
289,35,VIBRO,2024-11-09,-16.16,36.46,402.36,False,,удовлетворительно,,,,normal
290,32,VIK,2025-09-04,32.11,56.0,13494.39,True,Measure war deal military into.,допустимо,2.04,2.76,12.87,medium
291,23,UTWM,2024-01-19,4.02,28.37,19462.02,True,Box box fall certain man turn though while.,допустимо,3.64,10.06,17.03,medium
292,99,VIBRO,2024-05-27,-12.68,47.08,10196.55,True,Trade throw pay. Ground free black say notice.,допустимо,17.14,16.51,8.28,
293,55,TVK,2024-09-24,30.44,27.03,4613.39,False,,недопустимо,,,,normal
294,98,GEO,2024-04-16,-7.7,30.45,7855.71,False,,удовлетворительно,,,,
295,31,GEO,2024-06-10,34.78,72.79,857.96,False,,недопустимо,,,,
296,18,TFI,2024-06-03,5.38,10.81,19160.86,True,Fact color improve forget yet.,удовлетворительно,5.2,16.63,7.68,medium
297,61,PVK,2024-06-29,-14.0,8.07,746.65,False,,требует мер,,,,
298,44,UTWM,2025-06-27,4.75,90.49,15351.8,True,Tv next follow plan process people down.,недопустимо,17.45,6.85,15.74,
299,16,MFL,2024-12-10,6.63,73.46,7421.63,True,Far physical another which often.,удовлетворительно,1.02,6.85,13.19,
300,57,UTWM,2025-05-15,14.72,91.07,15582.18,False,,требует мер,,,,normal
301,62,VIK,2025-04-03,-6.38,73.0,3610.46,True,Interview outside end point day.,недопустимо,19.41,1.56,2.06,
302,27,UZK,2024-03-30,-17.32,38.36,13640.35,True,Career shoulder person.,требует мер,11.54,11.61,14.45,
303,71,PVK,2025-05-06,16.06,2.38,2952.68,False,,допустимо,,,,
304,40,GEO,2024-03-05,-16.54,24.24,5277.85,True,Such local actually across.,требует мер,15.0,12.05,9.48,medium
305,96,GEO,2025-11-18,14.26,96.8,9578.28,False,,удовлетворительно,,,,
306,30,UTWM,2024-02-10,-6.4,16.35,5615.05,True,Data remember evidence fact since bill edge.,удовлетворительно,15.13,4.09,10.84,medium
307,44,TVK,2024-09-10,-9.29,63.66,15394.32,True,Stage the fight sea almost challenge today.,удовлетворительно,16.46,7.97,8.1,medium
308,25,VIK,2024-10-05,-5.09,56.38,3253.71,True,Education amount suggest agent mean off.,удовлетворительно,13.65,17.76,13.58,high
309,40,VIK,2024-06-24,9.54,25.53,6161.16,False,,допустимо,,,,
310,62,GEO,2024-01-20,-2.99,85.17,19729.28,False,,требует мер,,,,
311,96,UTWM,2024-11-27,39.3,0.2,4147.44,False,,допустимо,,,,normal
312,60,RGK,2024-11-23,31.83,61.83,9848.65,False,,недопустимо,,,,normal
313,71,VIBRO,2023-12-09,13.32,13.48,9820.95,True,Which hospital environmental most start certain.,недопустимо,2.22,5.89,16.44,
314,86,UZK,2025-06-08,5.35,79.41,14644.68,True,Subject analysis new benefit manager.,недопустимо,2.37,13.5,3.49,normal
315,69,TFI,2025-11-08,3.1,36.18,16575.14,False,,недопустимо,,,,
316,87,TFI,2024-07-03,-10.77,95.4,13390.2,True,Major kid improve choose soon practice.,требует мер,16.97,1.8,9.8,
317,58,VIK,2024-06-23,20.32,73.35,5350.28,True,Miss memory although sea woman us example front.,допустимо,18.48,17.2,15.75,
318,36,UTWM,2024-05-23,17.71,44.3,13277.54,True,Read area sometimes true.,недопустимо,9.88,14.66,7.89,medium
319,7,VIK,2024-08-17,-10.87,48.5,17581.12,False,,допустимо,,,,normal
320,86,TVK,2024-12-05,-8.8,93.64,14865.72,False,,требует мер,,,,
321,73,UZK,2024-09-07,22.53,94.49,18578.27,False,,требует мер,,,,
322,61,VIBRO,2025-02-10,23.47,44.06,4840.98,False,,недопустимо,,,,
323,1,UZK,2025-07-17,11.46,37.38,668.29,True,Scientist drug several yes.,допустимо,8.84,11.3,8.4,
324,66,UZK,2025-10-08,28.82,47.35,8525.19,False,,требует мер,,,,
325,48,UZK,2024-01-27,6.79,71.2,14430.32,True,Would east suddenly when small.,недопустимо,11.48,4.95,19.5,medium
326,99,RGK,2024-04-16,22.59,69.95,3845.51,True,Big position beat believe popular history wait.,удовлетворительно,19.6,1.81,15.35,
327,88,MFL,2024-06-20,33.62,33.71,18250.22,True,Week together adult organization.,недопустимо,5.86,1.64,2.03,normal
328,56,RGK,2025-09-22,38.3,15.36,15612.24,False,,удовлетворительно,,,,
329,58,RGK,2025-02-22,21.51,63.99,10755.38,False,,допустимо,,,,normal
330,57,PVK,2025-04-24,-0.15,56.84,4259.0,False,,недопустимо,,,,normal
331,56,VIK,2024-02-06,5.1,34.35,14398.76,False,,удовлетворительно,,,,normal
332,81,MFL,2025-03-06,-9.07,23.13,11838.8,False,,допустимо,,,,
333,83,UTWM,2025-04-22,-2.67,12.96,17057.06,True,Final suddenly maintain huge night.,требует мер,1.69,7.48,17.09,
334,81,VIK,2024-07-24,5.01,1.07,7937.36,True,Allow pass style effort see help name.,удовлетворительно,11.82,13.33,7.11,medium
335,30,RGK,2023-12-21,-13.26,88.16,13946.78,False,,допустимо,,,,normal
336,20,UTWM,2025-01-28,-9.53,96.96,8229.03,False,,удовлетворительно,,,,
337,34,MFL,2025-06-26,21.46,78.16,13257.86,True,Understand organization whole practice everybody.,удовлетворительно,14.21,8.47,2.34,medium
338,65,VIK,2024-07-18,-9.45,60.96,17537.6,True,Any sense tree order. Treatment just stock play.,недопустимо,9.45,12.87,1.2,
339,45,MPK,2024-07-30,28.83,99.54,4756.39,False,,требует мер,,,,normal
340,46,UTWM,2025-11-01,-17.59,8.91,7065.7,True,Traditional through either democratic box.,требует мер,19.24,0.63,11.86,medium
341,75,GEO,2025-04-26,21.34,73.23,6525.02,True,Bank establish care in.,недопустимо,7.9,4.78,17.83,
342,35,UZK,2024-06-10,-4.55,74.07,7466.32,False,,удовлетворительно,,,,
343,66,MFL,2025-06-15,-0.66,9.24,2416.17,True,Word Mrs ten large.,удовлетворительно,1.91,3.76,17.9,
344,29,MPK,2025-01-15,23.25,21.81,16299.53,False,,требует мер,,,,normal
345,54,MPK,2025-09-28,-1.72,33.58,3196.1,False,,требует мер,,,,normal
346,59,VIK,2024-12-25,-1.43,99.73,6968.26,True,North exactly while their.,недопустимо,4.66,17.16,17.0,
347,54,UTWM,2024-04-06,-11.56,64.06,16275.04,True,Industry decide source.,недопустимо,17.14,3.13,13.05,medium
348,78,MFL,2024-10-24,12.14,13.41,3664.44,False,,допустимо,,,,
349,76,PVK,2025-04-11,30.45,25.92,3808.54,False,,недопустимо,,,,normal
350,1,RGK,2024-05-05,29.21,35.03,10635.54,False,,недопустимо,,,,
351,70,TVK,2024-07-25,-16.48,16.27,19931.33,True,Avoid chair good pretty no approach.,удовлетворительно,13.73,9.98,5.89,
352,88,MFL,2025-04-09,-6.87,30.81,8265.08,True,Toward sure operation sister within again.,удовлетворительно,7.33,8.7,16.63,
353,6,PVK,2024-02-08,3.63,64.17,12109.57,False,,недопустимо,,,,normal
354,78,UZK,2025-09-21,-7.6,41.77,6671.71,False,,недопустимо,,,,normal
355,52,VIBRO,2024-11-27,-19.5,21.78,6294.29,False,,удовлетворительно,,,,
356,32,RGK,2025-04-22,10.4,35.25,5913.3,False,,недопустимо,,,,normal
357,87,TVK,2024-09-15,7.67,12.96,5923.26,False,,удовлетворительно,,,,normal
358,77,MPK,2025-06-03,17.58,87.93,7864.89,False,,требует мер,,,,
359,17,PVK,2025-08-20,7.13,64.96,19321.69,False,,удовлетворительно,,,,
360,86,TFI,2025-05-24,19.24,47.26,10525.28,False,,допустимо,,,,
361,92,MPK,2025-02-22,34.78,9.81,178.82,False,,допустимо,,,,
362,14,GEO,2025-11-03,-5.03,75.45,8506.42,True,Who guy leg general his among especially.,удовлетворительно,14.08,8.83,18.14,high
363,23,TVK,2023-12-15,-13.62,31.94,6781.35,False,,недопустимо,,,,normal
364,98,UTWM,2025-01-06,-17.37,17.69,7050.72,True,Action case knowledge television attack.,допустимо,11.26,7.71,16.96,
365,2,TFI,2024-02-17,25.06,27.13,15487.67,True,Boy economic teacher which base present future.,удовлетворительно,7.57,11.27,14.13,
366,66,VIBRO,2025-08-21,3.62,72.8,4315.1,True,Moment seat side season against rule number.,недопустимо,5.51,11.7,15.1,high
367,94,TVK,2024-03-11,4.07,48.1,18394.89,True,Seek however industry or population.,допустимо,15.13,11.34,7.15,
368,75,MPK,2025-08-29,-18.51,61.59,6864.15,True,Future tough everyone seek.,требует мер,9.39,5.94,11.25,
369,0,VIBRO,2025-12-06,36.94,16.87,13559.54,False,,требует мер,,,,normal
370,0,PVK,2025-06-08,31.7,75.57,207.74,False,,допустимо,,,,
371,33,TFI,2024-11-14,-10.93,21.55,5212.46,True,Speech more skin participant build.,недопустимо,14.49,8.07,3.02,medium
372,52,UZK,2024-01-09,5.28,47.35,454.31,False,,удовлетворительно,,,,normal
373,40,PVK,2025-09-13,38.37,31.46,15012.76,False,,недопустимо,,,,
374,50,GEO,2025-02-14,-16.11,39.4,8650.44,True,Phone discuss behind like sure voice though boy.,требует мер,4.49,4.75,19.1,medium
375,29,TFI,2025-01-04,-14.11,72.86,7890.67,True,Even region decade order.,недопустимо,10.53,5.18,6.3,medium
376,8,PVK,2024-05-11,33.56,70.18,5034.69,False,,допустимо,,,,normal
377,45,UTWM,2025-03-19,23.11,80.47,3077.15,False,,удовлетворительно,,,,normal
378,48,UTWM,2025-04-23,-17.8,68.64,12818.28,True,Speak heart relate bag.,недопустимо,4.81,3.48,5.79,
379,1,PVK,2025-01-17,32.15,10.46,14467.51,False,,удовлетворительно,,,,
380,29,UTWM,2025-05-28,-9.48,58.97,10161.17,True,Production operation sign goal ever.,недопустимо,4.65,10.79,7.17,
381,8,VIK,2024-08-30,28.31,61.19,9446.47,False,,недопустимо,,,,normal
382,44,UZK,2024-09-15,-6.44,75.3,2950.92,True,Room people already science least.,требует мер,17.88,8.94,14.14,high
383,32,TFI,2024-09-01,-1.44,16.26,3094.63,True,Stay push character each. The to see determine.,требует мер,4.8,18.42,16.27,
384,59,GEO,2024-08-15,1.35,1.58,19383.15,True,Campaign far price more.,допустимо,1.37,4.86,5.37,normal
385,78,VIK,2023-12-08,27.65,0.35,921.73,True,Affect movement return age.,удовлетворительно,1.3,8.91,19.77,medium
386,93,UZK,2024-03-27,-8.32,13.4,10380.33,True,Enjoy three hot recently during score.,недопустимо,3.1,3.52,10.96,
387,59,MPK,2023-12-29,11.58,92.72,6464.56,False,,допустимо,,,,
388,20,UTWM,2025-10-29,-18.86,10.95,9013.66,False,,недопустимо,,,,normal
389,74,UZK,2025-04-26,28.03,67.91,11070.46,True,Modern protect reflect.,недопустимо,8.56,10.75,0.83,medium
390,43,MFL,2025-08-20,26.88,31.44,10040.73,True,Any trial ago.,требует мер,15.02,17.34,13.22,
391,91,GEO,2024-01-23,0.09,81.86,15406.64,True,Collection you language best nearly region.,удовлетворительно,13.04,12.93,0.58,medium
392,86,UTWM,2024-12-29,34.2,33.52,11762.72,True,Change despite chance.,допустимо,4.26,16.06,15.73,
393,55,MPK,2025-07-03,-11.94,36.76,2474.85,True,Wrong once natural budget item job.,удовлетворительно,2.32,10.65,15.55,
394,89,VIK,2023-12-08,-3.34,37.33,17705.71,False,,недопустимо,,,,
395,74,TVK,2024-05-06,-4.43,63.1,8049.7,True,Campaign common staff face born travel.,недопустимо,16.17,11.79,11.84,
396,10,VIK,2024-08-29,18.24,75.38,12189.42,True,Some rock example woman hospital sell.,требует мер,12.96,0.86,19.02,
397,55,RGK,2025-05-20,9.64,84.51,267.63,False,,допустимо,,,,
398,84,MPK,2025-06-19,21.54,15.84,12414.4,False,,недопустимо,,,,
399,33,UZK,2025-05-19,25.54,64.19,7271.85,True,Get successful nothing any onto that after.,недопустимо,9.27,14.82,15.62,
400,17,MPK,2024-05-29,16.49,58.37,3796.03,False,,допустимо,,,,normal
401,84,VIBRO,2024-11-17,32.52,54.26,11255.93,True,Trade necessary thought country form population.,допустимо,1.09,19.1,9.2,
402,10,GEO,2025-09-30,3.14,32.58,12183.13,True,Until about weight environmental citizen loss.,допустимо,2.69,14.2,18.1,medium
403,13,RGK,2025-02-02,1.37,65.63,6177.59,False,,требует мер,,,,normal
404,97,TVK,2024-08-25,35.57,35.35,17026.76,True,Professional line black by.,недопустимо,3.36,7.17,14.41,
405,65,PVK,2025-03-05,15.85,50.01,19675.14,False,,требует мер,,,,
406,32,RGK,2024-07-13,-12.58,88.35,1573.61,False,,требует мер,,,,
407,82,TFI,2025-09-28,6.38,4.95,699.62,False,,удовлетворительно,,,,
408,33,UTWM,2024-02-28,-4.24,76.67,4137.71,False,,требует мер,,,,
409,38,VIBRO,2024-04-17,1.06,10.55,8804.34,False,,недопустимо,,,,normal
410,5,VIK,2024-10-02,-13.76,73.69,3361.36,False,,недопустимо,,,,normal
411,0,MFL,2025-01-30,-9.56,76.92,15582.58,False,,допустимо,,,,normal
412,63,UZK,2024-12-03,16.76,79.14,11821.21,True,Get sign agent mean then.,требует мер,5.92,2.97,17.12,medium
413,1,VIBRO,2024-08-04,18.35,93.67,19811.89,False,,допустимо,,,,normal
414,32,UZK,2024-10-24,9.99,94.7,9146.2,True,Heavy administration evidence son main national.,недопустимо,4.73,10.83,2.02,medium
415,17,VIBRO,2025-07-19,30.95,54.65,18444.47,False,,удовлетворительно,,,,
416,86,MFL,2024-09-10,-18.77,59.93,860.25,False,,удовлетворительно,,,,
417,28,MFL,2025-11-05,-9.7,62.62,9392.62,False,,удовлетворительно,,,,
418,30,UTWM,2025-11-12,-9.85,74.13,2130.98,True,Mother beat range compare eat shake.,недопустимо,6.71,9.51,12.53,
419,65,UTWM,2024-11-14,10.14,5.98,13827.61,False,,удовлетворительно,,,,
420,6,PVK,2025-09-20,14.87,94.13,302.29,True,Affect toward big media foot support center.,удовлетворительно,13.27,17.01,17.9,
421,81,VIBRO,2024-06-02,20.62,4.25,7357.19,False,,удовлетворительно,,,,
422,81,UTWM,2025-07-13,28.64,58.75,7630.76,False,,требует мер,,,,normal
423,32,MFL,2025-05-11,34.46,17.81,9808.38,False,,допустимо,,,,normal
424,42,TFI,2024-08-07,15.53,10.41,5753.73,False,,удовлетворительно,,,,
425,67,UTWM,2024-01-26,-19.28,74.06,12906.41,False,,допустимо,,,,normal
426,44,UZK,2024-11-11,12.67,29.83,6623.27,False,,требует мер,,,,normal
427,2,VIK,2024-11-15,22.57,2.59,12969.1,True,Blood drop still particular lawyer fear.,допустимо,8.87,15.06,2.51,medium
428,15,TFI,2025-10-06,-9.75,36.26,15402.28,True,Attack group large impact current religious own.,недопустимо,8.81,1.0,15.34,medium
429,68,UZK,2024-08-30,27.29,67.73,14000.32,False,,допустимо,,,,normal
430,92,VIK,2024-08-05,13.39,75.75,14031.02,True,Animal assume long show maybe.,удовлетворительно,10.61,3.85,9.48,
431,31,RGK,2023-12-29,24.34,40.23,16496.88,False,,недопустимо,,,,
432,24,GEO,2025-06-15,0.34,16.57,4294.19,True,Movie coach side explain miss page song.,удовлетворительно,4.77,12.39,16.04,medium
433,31,PVK,2025-04-08,12.69,39.76,2013.02,False,,требует мер,,,,normal
434,0,MPK,2024-10-07,23.32,87.91,9199.9,False,,требует мер,,,,normal
435,34,UZK,2025-07-24,22.57,77.01,7218.89,False,,требует мер,,,,
436,96,MPK,2025-11-18,-12.98,29.26,14041.36,True,Field side risk executive start law.,удовлетворительно,16.64,9.39,1.45,
437,17,UTWM,2024-06-23,1.62,64.3,17955.11,True,Quite moment maintain suffer recently.,требует мер,12.78,14.08,13.21,high
438,76,TFI,2025-01-06,13.57,79.64,6196.36,False,,недопустимо,,,,normal
439,7,PVK,2024-02-17,13.26,29.61,15956.1,False,,требует мер,,,,
440,0,RGK,2024-04-17,20.26,25.48,16797.34,True,Meeting budget surface see listen.,допустимо,1.9,15.82,10.79,
441,27,TVK,2025-03-17,-15.03,10.54,18911.81,False,,допустимо,,,,
442,29,MFL,2024-10-10,27.53,67.96,15630.45,True,Recent provide amount child national.,допустимо,19.43,4.3,6.82,medium
443,83,VIBRO,2024-05-04,21.88,68.84,9307.96,True,Both hotel audience political dog all pattern.,допустимо,8.25,18.15,6.19,medium
444,47,VIK,2024-01-18,33.59,18.27,14278.89,False,,требует мер,,,,normal
445,95,RGK,2024-07-15,4.37,23.57,16144.73,True,Director hard office police our many.,недопустимо,13.34,16.63,15.29,high
446,38,MPK,2025-08-19,13.51,97.7,8459.12,False,,удовлетворительно,,,,
447,5,UZK,2024-05-14,16.31,46.47,19834.6,False,,недопустимо,,,,normal
448,47,RGK,2023-12-25,37.02,86.12,14042.05,True,Tend teach indeed administration around.,требует мер,10.66,2.84,3.68,medium
449,37,RGK,2024-01-18,17.47,96.1,1383.67,True,Themselves know for.,требует мер,0.52,12.05,19.0,high
450,3,PVK,2023-12-25,27.9,84.28,6440.87,True,Many claim truth agency process leg.,допустимо,13.04,17.29,9.76,high
451,98,UZK,2025-04-25,19.04,54.4,12725.96,False,,допустимо,,,,
452,17,VIK,2024-02-18,12.89,72.41,1646.52,True,Another born happy hospital tend.,допустимо,7.12,19.41,6.63,medium
453,9,UZK,2025-08-11,-7.41,39.74,2307.99,False,,удовлетворительно,,,,normal
454,37,TFI,2024-08-16,23.18,45.57,14834.95,True,Particular Mr call five far range likely.,недопустимо,12.06,5.06,14.61,medium
455,55,MFL,2023-12-13,19.41,77.25,19635.12,True,Thousand business run.,допустимо,13.66,9.2,8.44,medium
456,97,TVK,2024-01-10,18.13,62.32,16266.32,True,Read authority decide part might responsibility.,требует мер,17.9,6.09,19.44,high
457,41,GEO,2025-05-19,21.58,32.19,6730.42,True,Both grow art coach significant.,допустимо,15.43,16.84,18.46,high
458,25,RGK,2025-03-07,16.71,65.8,16571.54,True,Buy left each. Reason real father hand ask.,требует мер,13.6,3.86,5.57,
459,29,PVK,2025-09-15,-1.33,5.58,13231.54,False,,допустимо,,,,normal
460,33,PVK,2025-11-13,-1.65,4.57,3251.92,True,Base yourself often family recognize decade.,допустимо,19.14,2.63,11.62,medium
461,34,MFL,2024-04-26,2.01,95.53,16257.05,True,Manage describe catch drop always common he.,удовлетворительно,12.02,19.38,5.22,high
462,28,RGK,2024-01-25,27.2,19.2,4909.36,True,Past coach none quality home.,требует мер,7.55,11.46,16.81,high
463,62,VIBRO,2024-03-06,-8.96,0.75,8833.15,True,Race information alone again huge.,допустимо,7.73,7.86,14.61,medium
464,60,RGK,2025-09-22,38.4,46.14,18082.23,False,,недопустимо,,,,
465,62,MPK,2024-09-14,2.4,91.53,14255.38,True,Step poor end door rock ahead.,недопустимо,10.89,9.09,7.89,
466,60,RGK,2025-04-01,22.82,11.54,14988.06,True,Continue quite nature time political so.,удовлетворительно,1.16,12.6,6.17,medium
467,32,TVK,2025-06-14,18.09,32.27,1920.64,False,,допустимо,,,,
468,99,GEO,2025-03-01,16.23,39.55,18658.91,False,,допустимо,,,,
469,86,RGK,2025-11-14,16.23,18.74,1731.49,False,,требует мер,,,,
470,59,VIBRO,2025-04-05,-2.51,51.95,1835.23,True,Difference couple probably.,допустимо,13.98,8.5,3.9,
471,99,TFI,2025-01-20,-0.6,11.68,8389.24,False,,удовлетворительно,,,,normal
472,42,TVK,2025-04-16,-20.0,54.13,17139.24,False,,удовлетворительно,,,,normal
473,39,TVK,2025-05-02,11.59,41.86,1543.14,False,,удовлетворительно,,,,normal
474,85,TVK,2025-11-04,36.66,55.55,1707.39,True,Senior story history line.,удовлетворительно,2.73,14.51,19.96,
475,86,TFI,2024-10-27,9.82,73.86,9294.56,True,Accept heavy know. Matter do shake land most.,требует мер,14.6,7.48,17.13,
476,33,UTWM,2025-02-19,8.24,20.66,11886.95,True,Direction national only else budget dark.,недопустимо,12.72,8.42,4.96,medium
477,95,VIK,2024-11-29,-19.5,31.43,17987.39,True,Protect attention guy fact include.,допустимо,9.02,1.56,16.66,
478,65,GEO,2025-08-08,-8.49,18.19,2282.88,False,,недопустимо,,,,normal
479,14,MPK,2025-05-10,6.44,51.11,16781.9,True,Collection heavy produce series system all.,удовлетворительно,15.17,17.98,1.63,high
480,93,VIBRO,2024-01-19,12.64,56.62,318.87,False,,допустимо,,,,normal
481,91,TFI,2025-01-15,1.29,81.64,13239.08,True,Lot help large better onto.,допустимо,12.87,4.71,8.8,
482,55,GEO,2024-11-04,36.5,39.74,4634.54,False,,требует мер,,,,normal
483,12,TVK,2024-01-23,-11.37,20.6,18624.06,False,,недопустимо,,,,
484,86,GEO,2024-09-13,38.1,58.67,3923.25,True,Small sit affect street. Buy and thought I road.,недопустимо,6.43,8.44,19.32,high
485,0,MPK,2024-05-09,14.52,20.02,5227.28,False,,недопустимо,,,,normal
486,67,VIBRO,2023-12-29,34.38,77.27,16609.13,False,,допустимо,,,,normal
487,81,TFI,2025-09-21,10.62,47.15,2785.62,True,Send light whom significant Mrs.,требует мер,15.8,6.01,14.76,high
488,58,MFL,2025-05-28,9.03,76.56,2116.3,True,Customer size effect want direction avoid.,допустимо,7.27,13.91,12.65,
489,68,MFL,2024-05-14,-12.77,59.42,11043.72,False,,удовлетворительно,,,,normal
490,57,RGK,2025-01-31,-18.26,52.2,16903.29,False,,удовлетворительно,,,,normal
491,17,MPK,2025-10-03,17.64,88.78,4595.18,True,Position what above Republican down.,недопустимо,8.61,12.26,10.95,high
492,2,RGK,2025-02-05,10.34,54.06,3577.97,True,Father bill boy mission day off.,требует мер,15.9,17.92,17.29,high
493,45,MFL,2025-04-14,-17.37,54.66,2100.25,False,,недопустимо,,,,normal
494,10,TVK,2025-08-26,-12.59,75.94,12833.91,True,Yes most return partner skill father tell deep.,удовлетворительно,13.1,2.64,2.89,normal
495,61,MPK,2024-01-17,8.11,46.9,19923.93,False,,удовлетворительно,,,,
496,87,MFL,2024-08-14,23.46,2.5,9839.53,True,Remain build deep court.,требует мер,12.87,5.1,17.88,high
497,17,TFI,2024-07-02,-13.35,54.66,15219.77,False,,требует мер,,,,
498,7,MFL,2024-08-06,1.74,30.06,1135.29,False,,удовлетворительно,,,,
499,87,TVK,2024-03-14,-7.71,83.61,2384.35,False,,недопустимо,,,,
500,12,MFL,2024-12-22,2.25,16.33,13066.67,False,,допустимо,,,,
501,45,PVK,2025-02-06,8.37,45.37,775.83,False,,удовлетворительно,,,,
502,39,GEO,2024-12-26,18.71,80.23,14806.3,False,,требует мер,,,,
503,50,MPK,2024-03-19,-17.49,94.77,6738.21,False,,удовлетворительно,,,,
504,75,RGK,2025-03-13,6.56,7.76,7637.25,True,Well modern employee. Upon picture drug single.,требует мер,7.07,5.16,17.76,medium
505,49,UTWM,2024-01-27,3.04,75.5,6359.12,True,Service analysis now purpose result leg.,допустимо,4.92,19.61,5.81,medium
506,10,MPK,2024-12-23,14.35,52.45,5282.15,False,,недопустимо,,,,
507,47,MFL,2024-03-13,36.68,56.86,7565.93,True,Food nice how major bed.,недопустимо,8.79,14.06,15.37,high
508,19,GEO,2024-12-21,9.8,53.76,6467.31,False,,недопустимо,,,,normal
509,71,UTWM,2025-10-17,0.38,24.68,3420.53,True,Vote or let he drop. Charge suddenly chair term.,удовлетворительно,9.08,4.35,19.01,medium
510,71,PVK,2025-10-08,-5.13,11.17,4181.36,False,,допустимо,,,,
511,81,UTWM,2025-06-20,11.1,13.13,7347.96,True,Heavy different gun population few picture.,недопустимо,9.21,16.24,16.87,
512,29,UZK,2024-04-15,32.88,31.28,17753.9,True,Consumer partner fight concern project.,недопустимо,12.89,11.43,19.41,high
513,11,UZK,2024-06-05,-11.57,1.73,5912.39,False,,допустимо,,,,normal
514,55,GEO,2025-04-08,-16.05,25.74,11036.2,False,,удовлетворительно,,,,normal
515,18,UTWM,2025-03-09,39.61,35.08,5992.04,False,,требует мер,,,,
516,25,UZK,2025-12-05,31.04,80.63,2766.68,False,,удовлетворительно,,,,
517,36,GEO,2024-05-13,6.22,39.64,19596.22,True,Clear sea choice brother involve school night.,требует мер,5.01,8.83,12.16,medium
518,9,VIK,2025-08-12,11.74,2.79,11648.4,True,Measure if garden exactly. Travel give something.,удовлетворительно,8.3,15.14,3.11,medium
519,82,UTWM,2024-05-03,16.41,20.57,6022.41,False,,недопустимо,,,,normal
520,88,VIK,2024-06-03,7.81,11.67,18272.64,True,Do not describe music.,допустимо,2.61,10.53,18.05,
521,38,MFL,2024-11-02,-17.38,90.43,15289.51,True,Song attorney plant whom claim research them.,допустимо,11.92,3.25,5.44,
522,76,VIK,2024-08-08,2.22,90.27,9171.34,False,,требует мер,,,,normal
523,6,UTWM,2025-01-06,11.33,17.46,9078.52,False,,допустимо,,,,
524,47,TVK,2024-02-13,26.49,55.05,18612.41,True,Current American personal mouth.,допустимо,5.85,9.92,11.22,medium
525,48,UZK,2024-04-22,38.99,31.7,12470.82,True,Put child shoulder industry.,допустимо,16.45,19.16,9.41,
526,68,TFI,2025-08-17,26.54,17.76,5830.63,True,Economic could way.,допустимо,19.82,8.23,16.55,high
527,96,MPK,2025-08-08,-5.48,26.8,16320.76,True,Find sound include voice fall accept growth even.,недопустимо,2.43,5.58,19.21,medium
528,61,UZK,2024-08-24,-13.78,38.5,5405.07,False,,удовлетворительно,,,,normal
529,23,RGK,2024-02-29,31.31,10.39,1427.0,False,,недопустимо,,,,normal
530,67,TFI,2025-06-18,-9.89,38.38,14780.6,True,Happen beyond Republican cover school.,удовлетворительно,6.88,13.59,8.89,medium
531,34,GEO,2024-12-16,32.08,44.69,6327.13,True,Among result of enough product should.,требует мер,15.75,11.24,8.79,high
532,5,VIK,2025-05-21,-8.78,62.18,17107.12,True,Develop meeting test these today water.,требует мер,18.42,9.6,12.32,high
533,5,RGK,2025-06-09,23.44,46.14,536.01,False,,удовлетворительно,,,,
534,9,UZK,2025-04-11,36.21,1.62,8611.58,True,Fact ready low may task.,удовлетворительно,3.05,17.23,17.6,high
535,88,UTWM,2025-05-03,-1.74,45.14,7441.08,False,,допустимо,,,,
536,32,UZK,2024-08-25,25.83,89.08,7530.84,False,,недопустимо,,,,
537,66,RGK,2024-07-30,-4.07,26.05,13989.03,False,,допустимо,,,,
538,69,VIK,2025-09-02,31.72,80.66,12648.14,True,Go head maintain tell involve bank.,недопустимо,16.98,2.82,7.7,
539,26,MFL,2025-08-30,3.16,12.58,12627.69,True,Their score song evidence bill.,требует мер,16.24,11.62,7.45,
540,48,MPK,2024-10-29,-5.64,6.7,1290.28,True,Mouth base analysis scientist.,допустимо,14.39,8.71,6.7,medium
541,44,VIK,2024-11-23,3.73,71.49,13843.27,True,Four full wonder treatment.,допустимо,11.79,18.14,4.75,
542,93,TFI,2024-12-29,22.35,38.53,8382.39,False,,удовлетворительно,,,,normal
543,34,TVK,2025-02-18,-5.66,34.6,7166.43,True,Federal executive seek speak onto war nor face.,требует мер,8.4,6.16,6.07,
544,1,GEO,2023-12-10,38.41,14.45,4583.39,True,Lead story federal simply get when toward.,удовлетворительно,8.79,4.54,7.51,medium
545,7,VIK,2025-04-02,34.7,6.82,15620.21,True,Board somebody nothing.,требует мер,8.23,4.6,16.11,medium
546,16,VIK,2025-11-26,-15.62,71.51,4184.63,False,,удовлетворительно,,,,
547,88,TFI,2025-01-14,6.06,2.32,10199.39,False,,требует мер,,,,normal
548,14,TVK,2024-11-01,12.75,66.69,12074.5,True,Usually dog ask politics hold.,допустимо,11.98,15.05,9.67,
549,63,TVK,2025-08-05,13.89,63.53,1900.24,False,,недопустимо,,,,normal
550,48,UZK,2025-11-01,33.33,10.86,12459.67,False,,допустимо,,,,
551,34,PVK,2025-10-09,16.96,76.34,10627.12,True,Agent season deal civil task common.,допустимо,12.46,8.96,6.78,medium
552,69,GEO,2025-06-24,32.83,62.83,5215.05,True,Event smile skill pattern meeting while.,удовлетворительно,19.93,19.31,2.49,
553,27,GEO,2024-06-09,13.96,48.55,9052.92,True,Establish head personal. Wear cause defense.,допустимо,13.78,8.74,2.99,medium
554,52,TVK,2024-09-04,24.74,19.12,19641.48,True,Family miss just blood travel.,требует мер,12.45,1.8,15.45,
555,13,MPK,2025-07-27,32.53,84.28,12193.28,True,Responsibility staff once cut then however.,удовлетворительно,8.78,3.28,19.97,
556,39,UZK,2024-02-27,12.5,83.87,3281.09,True,Test rate couple concern.,требует мер,17.42,9.54,18.03,high
557,67,VIBRO,2024-03-24,26.8,57.0,16618.97,False,,недопустимо,,,,
558,42,VIBRO,2024-11-03,14.34,91.58,7543.84,True,After officer natural contain herself.,удовлетворительно,4.4,1.63,11.76,medium
559,2,MPK,2024-09-27,29.34,90.71,12467.68,True,You young she learn.,допустимо,19.22,1.41,6.22,medium
560,71,PVK,2024-04-11,2.05,65.45,14721.97,False,,допустимо,,,,
561,98,MPK,2024-02-12,37.29,16.12,1826.91,True,Important assume statement student.,допустимо,8.53,9.98,10.56,medium
562,55,VIBRO,2024-07-03,30.48,0.69,8629.82,True,Across whom near poor apply.,допустимо,9.89,19.89,15.24,high
563,99,RGK,2024-12-10,-8.07,62.74,7238.46,True,Ability main share cup.,удовлетворительно,4.14,15.86,17.69,
564,54,VIK,2024-06-24,10.58,69.38,13395.1,False,,удовлетворительно,,,,normal
565,70,UZK,2025-06-27,-8.74,32.77,5674.77,True,Particularly generation beat central TV yard.,недопустимо,4.08,12.65,19.34,
566,81,TFI,2025-09-22,-7.82,42.89,7228.86,False,,недопустимо,,,,normal
567,51,TVK,2024-05-16,24.26,8.06,16666.25,True,Peace ask like cultural side he week.,требует мер,9.96,4.75,2.14,normal
568,85,MPK,2024-11-02,35.07,57.1,2361.04,False,,требует мер,,,,
569,37,MPK,2024-03-24,31.09,45.19,5488.0,False,,требует мер,,,,
570,72,TVK,2024-05-21,8.55,39.63,2476.92,False,,недопустимо,,,,normal
571,48,UTWM,2025-03-22,21.13,66.45,3131.96,True,Performance front time must owner west establish.,требует мер,13.87,18.56,8.75,
572,78,MFL,2025-10-26,24.4,13.78,17731.49,True,Ok matter bag through window new.,удовлетворительно,9.87,19.58,4.7,medium
573,56,UTWM,2024-01-10,12.87,22.7,16887.42,True,And image none sound company make.,требует мер,1.76,11.86,9.26,medium
574,27,TFI,2024-05-23,3.61,28.18,18211.47,True,Public special item power poor but.,допустимо,15.87,11.57,0.85,
575,68,RGK,2025-04-13,10.07,66.62,5725.67,True,Artist or star Mr work choose of.,удовлетворительно,7.77,13.31,17.15,high
576,51,VIBRO,2025-01-15,25.39,55.51,12065.22,True,Republican project food business at.,удовлетворительно,17.7,17.28,4.53,
577,13,PVK,2025-07-19,-6.59,25.97,14048.86,True,Outside green process entire.,допустимо,8.2,7.14,11.04,
578,88,UTWM,2024-12-10,1.02,71.01,13156.74,False,,недопустимо,,,,
579,46,TFI,2025-10-09,-6.55,62.09,13697.58,False,,удовлетворительно,,,,
580,23,RGK,2025-10-30,35.99,0.95,12327.36,True,Make my strategy research kind check inside.,недопустимо,12.51,12.13,0.67,medium
581,45,TVK,2025-01-04,27.82,13.42,1801.95,False,,недопустимо,,,,normal
582,71,PVK,2024-02-13,36.09,22.16,497.68,False,,требует мер,,,,normal
583,14,MPK,2025-09-04,-6.83,26.58,6715.96,False,,требует мер,,,,normal
584,5,VIBRO,2024-11-01,28.14,82.07,11014.18,False,,удовлетворительно,,,,normal
585,80,VIBRO,2025-10-22,18.87,57.08,18450.22,True,Give adult miss just.,требует мер,14.82,4.55,8.3,
586,81,TFI,2025-09-21,6.89,0.67,8646.3,False,,требует мер,,,,normal
587,99,TVK,2025-02-28,14.12,42.35,14562.55,True,Town throughout community happy.,требует мер,15.0,10.8,1.77,medium
588,81,GEO,2025-11-26,10.35,17.71,19931.25,False,,удовлетворительно,,,,
589,45,UZK,2024-09-10,25.32,44.71,10189.93,False,,удовлетворительно,,,,
590,6,TVK,2024-07-10,-8.08,59.94,4331.64,False,,допустимо,,,,
591,19,TFI,2024-11-09,-4.54,66.96,12347.2,True,Wife just very add speak.,требует мер,4.48,19.09,6.69,
592,25,VIK,2025-08-03,-6.92,64.63,14047.32,False,,недопустимо,,,,normal
593,70,UTWM,2024-11-26,22.65,88.91,7451.36,True,Upon none fall whatever. Allow work read.,удовлетворительно,17.7,5.97,19.65,high
594,1,TVK,2024-08-02,2.83,3.92,8943.11,True,Treat crime rather hit.,требует мер,5.11,16.45,16.6,high
595,0,UTWM,2024-12-26,36.86,91.15,2968.89,True,Large finish benefit hard heart.,допустимо,1.89,8.1,9.41,medium
596,74,VIK,2024-03-22,33.08,71.75,17135.06,False,,требует мер,,,,normal
597,24,PVK,2024-04-26,-5.2,43.54,12169.9,False,,допустимо,,,,normal
598,21,UTWM,2024-11-28,-9.51,10.03,4598.95,False,,допустимо,,,,
599,97,TVK,2023-12-19,-0.93,40.35,2186.54,False,,недопустимо,,,,
600,44,UZK,2025-01-06,4.51,22.08,17206.68,False,,требует мер,,,,
601,56,PVK,2025-04-02,-16.57,32.3,7509.7,False,,допустимо,,,,
602,51,UZK,2025-01-02,22.4,2.0,7414.09,True,Gas cut difficult skin. All wide effect.,требует мер,13.18,18.76,5.93,
603,72,RGK,2024-11-02,0.48,32.23,7755.48,True,Throw all able role drive hit. Son expect should.,удовлетворительно,11.77,3.12,11.28,medium
604,23,VIK,2024-05-23,14.24,44.02,17638.09,True,Artist must group item.,требует мер,0.56,2.78,12.81,normal
605,15,UZK,2024-02-24,29.05,26.39,10242.02,True,Fire person fact choice get himself later letter.,требует мер,16.84,5.82,10.57,
606,73,VIK,2024-01-26,8.55,23.43,3227.8,False,,требует мер,,,,normal
607,24,RGK,2024-06-24,22.19,43.37,3982.23,True,Research resource evening black under worker.,требует мер,12.33,14.94,16.46,high
608,80,MPK,2025-03-27,29.34,85.45,14875.99,True,Policy try their produce wrong music.,допустимо,0.57,19.25,9.7,
609,28,GEO,2025-12-02,35.73,41.41,1598.28,True,Soon hope energy throw general let wall.,удовлетворительно,13.83,4.19,9.95,medium
610,10,TVK,2025-07-05,-9.78,53.69,8102.32,False,,удовлетворительно,,,,
611,32,GEO,2024-09-26,23.42,61.42,8127.09,False,,требует мер,,,,
612,94,UZK,2025-05-11,27.04,60.0,2865.73,True,Else thank major including short hour.,допустимо,15.39,12.71,3.89,
613,95,MFL,2025-01-31,9.26,70.89,10349.91,False,,требует мер,,,,
614,39,MPK,2025-11-27,39.46,86.8,11091.24,True,Particularly season very.,допустимо,13.83,7.35,15.98,
615,42,TFI,2024-10-20,34.04,21.51,1187.68,False,,недопустимо,,,,normal
616,51,VIBRO,2024-10-29,10.72,20.93,8775.06,True,Coach class fact soon become throughout.,удовлетворительно,3.28,16.5,17.13,high
617,6,PVK,2024-07-15,20.07,81.53,2115.92,True,Grow back amount hit war day reduce.,недопустимо,1.17,8.76,7.04,medium
618,46,VIK,2024-04-10,-19.47,67.01,18108.13,True,Traditional work officer anything.,требует мер,2.96,2.33,1.12,
619,36,RGK,2025-07-22,11.74,69.83,12536.55,False,,требует мер,,,,
620,5,PVK,2024-06-19,4.29,44.03,12479.79,True,Team wish per.,недопустимо,2.25,4.16,10.51,normal
621,33,VIBRO,2025-05-24,23.02,99.82,7524.84,False,,требует мер,,,,
622,81,UTWM,2024-01-16,23.15,27.63,3348.59,False,,удовлетворительно,,,,
623,35,VIBRO,2023-12-19,-17.43,93.19,6188.6,False,,удовлетворительно,,,,
624,26,RGK,2024-11-26,22.39,21.84,14526.05,False,,удовлетворительно,,,,normal
625,38,UTWM,2025-10-15,-0.42,16.83,13770.63,False,,удовлетворительно,,,,normal
626,2,RGK,2025-04-09,-11.94,14.4,16173.61,True,Rate arm report they say author.,удовлетворительно,16.52,7.05,13.91,
627,76,TFI,2025-10-15,33.51,73.53,16130.2,True,School as news small.,недопустимо,8.46,11.47,16.96,high
628,79,UZK,2025-12-03,22.78,39.65,2071.78,False,,недопустимо,,,,
629,75,UTWM,2024-09-05,27.85,83.42,7557.12,False,,требует мер,,,,
630,14,MPK,2024-04-19,18.04,75.03,9272.12,True,Mouth Democrat according.,недопустимо,5.69,10.34,4.7,medium
631,61,VIK,2025-06-09,-13.39,77.69,7705.68,True,Senior bring sign among establish explain.,допустимо,10.24,8.37,0.87,medium
632,75,PVK,2025-10-14,1.06,51.66,17257.28,False,,недопустимо,,,,
633,73,UTWM,2025-01-23,-11.4,19.97,16609.77,False,,удовлетворительно,,,,
634,33,RGK,2025-04-15,39.22,63.39,17016.51,False,,недопустимо,,,,
635,7,UZK,2025-08-15,27.63,65.03,10663.95,True,Cover structure federal television reality feel.,недопустимо,7.05,14.52,16.86,high
636,98,MFL,2025-07-15,-3.42,92.66,15218.97,True,Two claim consider cost will kitchen.,требует мер,5.97,3.16,4.33,
637,0,VIK,2025-04-14,1.49,78.56,6151.3,True,Group wide of a environmental.,удовлетворительно,8.24,11.61,16.01,high
638,23,RGK,2025-02-02,0.27,42.82,3009.73,True,Night today mission clearly begin short.,недопустимо,3.86,14.96,12.14,
639,88,UTWM,2025-11-02,10.55,84.26,2100.15,False,,требует мер,,,,
640,9,TVK,2025-06-10,11.7,21.06,13257.8,False,,недопустимо,,,,
641,17,GEO,2024-04-20,6.13,32.19,1072.78,True,Big home great girl process finally loss mouth.,требует мер,13.87,5.09,5.76,medium
642,74,MPK,2024-07-09,35.54,70.94,8479.25,False,,недопустимо,,,,normal
643,92,PVK,2024-07-19,-15.11,43.98,17368.26,True,Role political manager get center.,требует мер,11.34,16.51,19.74,high
644,62,TFI,2025-05-17,18.39,87.89,1043.9,True,Once item least billion.,допустимо,11.71,0.77,7.21,medium
645,64,MPK,2024-09-28,11.12,74.29,3991.15,False,,удовлетворительно,,,,
646,63,PVK,2024-11-06,-4.16,27.75,11614.12,False,,требует мер,,,,
647,86,VIK,2024-12-03,-8.72,10.82,18818.46,False,,удовлетворительно,,,,normal
648,13,TFI,2024-10-30,1.14,47.62,6609.26,False,,удовлетворительно,,,,normal
649,15,VIK,2024-01-26,0.59,28.38,16476.27,True,Second step sport ago.,недопустимо,10.53,15.88,7.57,
650,1,MPK,2025-05-25,0.95,62.25,7014.23,False,,удовлетворительно,,,,normal
651,22,UZK,2025-07-27,33.86,71.13,18308.43,True,You single hot long eat town writer draw.,требует мер,0.59,16.67,13.16,high
652,26,GEO,2024-05-01,38.0,86.07,19676.57,True,She cost teach challenge reality him he.,требует мер,2.88,17.25,18.98,
653,21,UZK,2025-09-30,-17.57,71.2,2516.24,True,South sit seven different section seven series.,требует мер,6.56,18.16,17.07,
654,98,TVK,2025-05-01,38.85,70.26,1907.24,True,Section tonight service by task these.,удовлетворительно,12.5,1.22,19.94,high
655,17,MFL,2024-04-08,29.91,85.86,15959.92,True,Woman alone where southern their military.,недопустимо,8.28,14.44,16.71,
656,23,MFL,2025-01-02,9.9,89.75,894.52,False,,удовлетворительно,,,,
657,60,VIK,2024-05-14,-6.09,40.3,18931.2,False,,требует мер,,,,
658,64,MPK,2024-11-30,28.93,44.68,1585.78,False,,требует мер,,,,
659,38,TFI,2024-08-06,9.92,2.28,10850.3,False,,удовлетворительно,,,,normal
660,51,PVK,2024-02-10,24.72,89.18,18758.35,True,Would pattern building information first.,недопустимо,2.15,5.71,3.56,
661,28,VIK,2024-02-16,2.59,75.13,16256.06,True,Agree when worry together production.,требует мер,7.2,10.06,16.37,
662,14,PVK,2024-09-14,36.52,45.1,5651.76,True,School short perform leg.,требует мер,6.82,3.12,13.27,medium
663,72,TFI,2024-03-19,33.5,13.7,9907.52,True,When natural choose car hope case.,удовлетворительно,18.76,7.66,18.3,high
664,11,TFI,2025-06-08,28.17,38.07,12509.21,True,Attorney brother standard now leg space.,требует мер,10.21,12.1,6.65,medium
665,49,UZK,2025-02-15,17.0,50.44,17958.36,False,,требует мер,,,,normal
666,86,MPK,2024-06-05,26.26,91.32,15596.16,False,,допустимо,,,,
667,60,UTWM,2024-08-02,0.22,75.6,19394.19,False,,удовлетворительно,,,,
668,76,RGK,2025-03-06,27.63,72.3,10802.69,False,,недопустимо,,,,
669,47,VIBRO,2024-03-25,32.34,66.72,15830.43,True,Mean store identify. Mention true exactly world.,удовлетворительно,1.63,5.11,1.19,
670,93,VIBRO,2024-08-09,38.15,64.93,5784.54,True,Congress program evidence fund letter.,недопустимо,8.12,19.92,19.16,high
671,18,UZK,2024-08-09,2.41,62.35,7619.72,False,,недопустимо,,,,
672,44,GEO,2024-06-10,19.04,55.6,10166.11,True,Simple win race record.,удовлетворительно,10.2,1.6,4.41,normal
673,17,TVK,2024-03-20,6.39,53.31,8131.83,True,Himself test follow provide theory.,допустимо,8.04,9.82,15.72,medium
674,59,MFL,2025-03-19,19.42,65.32,19754.52,False,,требует мер,,,,
675,80,VIK,2024-10-23,20.36,51.62,11788.2,False,,допустимо,,,,
676,60,VIBRO,2024-10-24,13.45,60.37,16228.06,False,,недопустимо,,,,
677,69,VIK,2025-03-06,11.51,97.79,3003.74,True,Career father serve article remain start trip.,требует мер,3.97,12.43,1.19,medium
678,99,MFL,2024-04-10,-13.41,99.48,18511.92,False,,допустимо,,,,
679,93,PVK,2024-01-10,14.86,27.11,4686.16,False,,требует мер,,,,normal
680,91,GEO,2025-01-20,13.28,16.5,13770.75,True,Animal however oil.,удовлетворительно,6.73,8.0,3.34,
681,61,TFI,2024-11-05,-8.07,16.1,1443.21,True,With oil fact under today.,недопустимо,5.35,3.66,16.33,
682,46,PVK,2024-11-25,39.91,28.04,2872.79,True,Minute decade other sell better.,недопустимо,16.68,4.38,10.96,
683,50,VIBRO,2025-01-05,-5.79,88.93,4944.58,True,Daughter term smile international charge.,удовлетворительно,8.27,8.14,0.53,
684,92,MFL,2024-03-05,-6.79,57.18,12903.42,False,,допустимо,,,,
685,83,UTWM,2024-07-26,-14.05,11.31,3466.6,False,,удовлетворительно,,,,normal
686,61,TFI,2025-01-14,1.61,15.84,7916.3,False,,допустимо,,,,
687,2,GEO,2024-06-22,5.14,26.82,1385.49,True,We your stand age.,допустимо,3.97,5.22,3.65,normal
688,81,TFI,2025-07-06,25.38,35.64,14878.95,True,Above speech who sure he actually easy.,требует мер,11.93,14.29,10.99,high
689,92,UTWM,2025-08-30,20.56,67.58,634.44,False,,недопустимо,,,,normal
690,54,RGK,2024-08-31,37.44,47.57,4496.1,True,Get story let book agent.,недопустимо,4.76,15.31,14.85,high
691,44,GEO,2025-04-06,24.37,93.84,8766.65,True,Network operation like.,допустимо,8.66,6.47,15.91,high
692,42,VIK,2025-04-19,32.69,23.53,15583.27,True,Law tonight state respond care opportunity.,требует мер,8.25,11.02,5.71,
693,12,GEO,2024-11-29,36.04,93.98,11168.34,True,Use authority manager exactly such head keep.,допустимо,16.05,11.56,7.13,
694,90,MPK,2025-06-11,-11.19,65.48,13050.41,True,Which book point clearly take she.,недопустимо,18.57,17.99,10.95,
695,40,TVK,2024-04-26,12.08,85.55,19542.9,False,,требует мер,,,,
696,27,VIK,2025-05-04,27.95,48.48,1122.33,False,,удовлетворительно,,,,normal
697,22,TFI,2025-08-18,-14.2,42.32,11852.33,False,,требует мер,,,,
698,50,VIBRO,2024-03-06,-8.05,36.82,6582.69,False,,удовлетворительно,,,,normal
699,19,RGK,2024-06-10,14.02,9.38,16374.44,True,Red off office why score surface.,недопустимо,6.97,16.82,6.29,medium
700,65,MPK,2025-06-15,-15.26,81.4,5242.29,False,,удовлетворительно,,,,normal
701,17,GEO,2025-07-02,27.8,18.28,18764.11,False,,недопустимо,,,,
702,75,MFL,2024-01-02,14.21,96.71,6349.12,True,Choose energy message remember myself.,недопустимо,1.39,14.34,8.99,
703,97,TFI,2024-03-27,29.36,94.02,1713.48,True,Family land south suddenly keep able rich amount.,удовлетворительно,15.51,3.5,10.7,
704,35,PVK,2025-05-18,-3.75,31.31,316.7,True,Policy democratic option medical skill tree.,недопустимо,19.22,8.62,13.72,
705,6,TVK,2024-04-21,-13.59,17.66,3396.23,True,House trial thus wear program glass away.,допустимо,6.14,10.28,7.3,
706,58,GEO,2024-08-09,-14.4,90.31,1643.56,False,,требует мер,,,,
707,81,TFI,2024-12-29,-15.07,44.59,15901.23,False,,требует мер,,,,normal
708,15,VIK,2023-12-27,21.69,46.6,6918.36,True,See agency along.,допустимо,13.28,7.74,6.57,medium
709,17,TFI,2024-11-22,9.3,84.54,15968.64,True,Scientist space them soon fact.,недопустимо,16.37,17.38,1.77,
710,74,RGK,2025-05-01,-14.77,67.42,2736.81,False,,допустимо,,,,normal
711,69,VIBRO,2025-11-19,23.56,89.73,15570.59,True,Order power sign remember bar study difference.,требует мер,9.52,13.7,18.92,
712,53,TVK,2025-03-31,16.78,56.37,14631.98,True,Mr pressure fly.,недопустимо,7.28,13.7,4.74,
713,42,VIBRO,2025-08-26,37.64,88.09,4756.7,False,,требует мер,,,,
714,84,UTWM,2025-07-13,4.86,19.97,12859.11,True,Itself from civil part option.,требует мер,1.59,19.54,17.59,
715,81,RGK,2025-06-06,-4.97,0.26,8694.49,False,,недопустимо,,,,normal
716,68,MFL,2025-06-24,16.26,84.88,14297.83,False,,допустимо,,,,
717,68,MPK,2024-05-19,-17.32,25.43,1974.33,True,Measure information ask different play.,требует мер,5.07,6.67,18.79,medium
718,43,RGK,2025-02-17,14.35,80.15,5333.08,False,,недопустимо,,,,
719,43,PVK,2024-12-16,25.76,1.7,5454.35,False,,недопустимо,,,,
720,74,PVK,2024-08-20,12.5,89.03,16561.04,False,,удовлетворительно,,,,
721,71,PVK,2025-04-06,-6.13,64.32,2135.08,True,Lose continue window leg kid return.,удовлетворительно,4.43,1.96,1.55,normal
722,28,MFL,2025-09-05,5.46,71.08,9514.73,True,Court church power these.,требует мер,4.21,14.77,11.47,
723,32,GEO,2024-03-09,32.34,27.04,11722.82,False,,требует мер,,,,normal
724,83,UZK,2024-06-16,31.67,40.65,13530.19,False,,допустимо,,,,
725,82,TVK,2024-12-04,25.15,77.25,6915.19,True,Effect treat conference.,недопустимо,19.31,13.1,7.09,
726,69,MFL,2024-06-23,-18.68,38.58,5409.44,True,Left when material few.,допустимо,11.11,3.79,5.28,medium
727,50,UZK,2024-07-31,32.78,49.93,8895.83,True,Which against parent worry watch method.,допустимо,5.37,9.52,14.66,medium
728,71,TFI,2024-02-12,34.45,94.92,9806.46,True,Keep benefit report have act firm form.,недопустимо,2.86,4.66,3.16,
729,77,PVK,2024-02-01,30.29,5.72,14263.17,True,Catch house particularly reflect total trip.,удовлетворительно,3.45,8.62,10.01,
730,78,VIK,2024-01-17,-19.04,53.95,3438.03,True,Analysis read call meet month social tend them.,удовлетворительно,13.52,9.38,16.96,
731,33,RGK,2025-04-25,-5.84,70.27,14816.7,True,Turn assume issue respond nearly.,требует мер,9.96,1.51,3.46,
732,51,VIK,2024-06-16,12.38,65.23,2590.74,False,,требует мер,,,,
733,50,RGK,2025-10-28,-17.52,30.25,1612.89,True,Several customer bank.,допустимо,3.62,8.33,1.21,normal
734,14,TFI,2025-09-19,21.9,28.04,18382.54,False,,удовлетворительно,,,,normal
735,82,UTWM,2024-03-01,1.18,80.42,10019.44,True,Treatment general far small police indeed until.,допустимо,16.49,4.92,8.49,
736,33,PVK,2025-07-30,35.59,90.66,19599.16,False,,допустимо,,,,normal
737,3,UTWM,2025-09-09,-16.31,65.86,6567.36,False,,требует мер,,,,normal
738,34,GEO,2024-01-01,37.56,77.13,17295.55,True,Room picture boy realize great yard.,недопустимо,10.23,9.32,2.98,
739,33,UZK,2025-04-26,24.46,9.3,10864.1,False,,требует мер,,,,
740,12,RGK,2024-07-31,17.46,26.76,16711.27,True,Side test down thought gas improve my provide.,допустимо,16.77,13.8,8.77,high
741,51,VIBRO,2024-05-15,-9.56,50.39,15016.82,True,Practice age term record herself open.,требует мер,5.91,6.36,2.81,
742,49,MFL,2025-12-04,-11.53,5.61,19593.34,True,Close low however information TV successful.,требует мер,15.22,11.22,3.52,
743,64,MFL,2024-10-21,28.8,88.82,1714.21,False,,допустимо,,,,normal
744,62,VIK,2024-10-03,38.48,69.27,13754.13,True,Itself various writer why election in there.,удовлетворительно,9.97,9.08,18.6,high
745,34,VIK,2024-10-20,15.23,95.75,12648.22,False,,требует мер,,,,normal
746,59,TFI,2025-09-06,4.27,91.79,15845.96,True,Meet green individual nearly.,недопустимо,7.5,15.77,2.42,
747,87,UTWM,2025-10-02,-1.96,27.47,16473.53,True,Address cost expect nice wonder.,недопустимо,19.47,14.72,9.91,
748,40,TVK,2025-08-11,38.13,57.3,6733.61,False,,недопустимо,,,,
749,80,VIBRO,2024-11-12,17.18,47.69,11414.24,False,,требует мер,,,,normal
750,98,VIBRO,2025-01-20,-10.73,4.14,6230.45,False,,удовлетворительно,,,,normal
751,65,MFL,2024-10-29,36.41,29.37,3969.59,True,Bring help TV because human cost oil realize.,допустимо,4.58,7.37,4.24,
752,9,GEO,2024-10-10,6.85,49.24,15217.54,True,Religious then official home piece.,допустимо,3.33,4.54,13.49,
753,30,RGK,2024-11-23,17.7,52.81,5840.14,True,Into wonder over recognize center career.,удовлетворительно,11.11,10.65,4.38,medium
754,86,MPK,2024-11-19,0.11,95.92,11601.24,True,Few mother area us hold safe.,удовлетворительно,9.77,4.83,10.97,medium
755,64,TFI,2024-06-19,7.31,33.88,3852.94,False,,требует мер,,,,
756,10,MFL,2025-02-03,-18.49,62.78,4244.82,True,Another skill animal some data poor list.,недопустимо,6.93,17.93,13.24,high
757,18,TVK,2025-06-24,-14.42,78.36,10522.59,True,From poor camera firm.,допустимо,15.42,7.17,7.1,medium
758,0,PVK,2024-11-23,0.48,46.32,1389.85,True,Treatment owner national put writer music.,недопустимо,13.94,13.26,3.92,medium
759,79,MFL,2023-12-15,-3.94,64.84,6205.22,False,,допустимо,,,,
760,80,GEO,2025-09-26,13.48,40.96,4922.54,False,,удовлетворительно,,,,
761,26,MPK,2025-07-29,-12.99,68.52,2347.43,False,,удовлетворительно,,,,normal
762,38,PVK,2025-02-02,32.8,89.37,13284.45,False,,недопустимо,,,,normal
763,7,MFL,2024-11-08,22.99,29.4,7945.16,False,,допустимо,,,,normal
764,88,VIBRO,2024-10-20,16.77,91.69,2149.99,True,Or yard similar very cover seat after.,допустимо,18.47,10.17,12.54,
765,78,UZK,2025-01-27,-16.28,2.82,19268.86,True,Military ever body site professor majority.,недопустимо,3.39,9.71,19.42,
766,22,PVK,2025-09-15,-1.8,48.83,12579.26,True,Speak between professional behavior.,требует мер,18.85,16.29,5.81,
767,55,TVK,2025-10-18,-18.39,47.45,12333.44,True,Series seat like rest show. Cost as trade sister.,требует мер,17.41,13.36,7.51,high
768,30,PVK,2024-02-19,38.98,30.69,10412.79,True,Today when hundred smile person choose teacher.,допустимо,16.88,3.86,8.16,medium
769,51,VIBRO,2024-09-29,-7.0,24.49,3712.51,False,,требует мер,,,,
770,3,GEO,2025-05-31,9.69,45.71,18877.59,False,,допустимо,,,,
771,63,TVK,2025-08-31,0.04,38.9,15293.19,False,,недопустимо,,,,normal
772,91,UZK,2024-06-11,19.46,0.25,3843.76,True,Your him continue three I close. Do then mouth.,недопустимо,3.51,12.52,14.6,
773,94,PVK,2025-06-15,38.08,23.26,11304.02,True,Agent need tend report Congress whose.,удовлетворительно,10.7,10.52,9.1,high
774,8,MPK,2023-12-21,27.74,30.71,7314.76,False,,требует мер,,,,
775,78,MPK,2025-02-19,29.73,2.08,12235.79,True,Pull radio moment wrong. Often cover read no.,допустимо,7.23,13.38,12.56,
776,80,MPK,2025-12-03,23.77,34.62,17169.69,False,,допустимо,,,,normal
777,98,TFI,2025-07-01,21.32,96.87,14111.79,True,Parent mouth enter remember career.,недопустимо,1.58,10.44,11.59,medium
778,65,GEO,2023-12-07,6.34,5.4,12823.71,False,,недопустимо,,,,normal
779,76,PVK,2025-09-08,15.57,81.94,4573.79,True,Drive sometimes treat check indicate claim mean.,допустимо,15.41,4.44,11.7,
780,2,TVK,2024-02-08,29.92,99.38,10722.96,True,Simply he create.,удовлетворительно,0.7,6.65,6.72,
781,3,PVK,2025-09-06,-14.25,76.33,13633.86,False,,допустимо,,,,normal
782,13,VIBRO,2025-02-17,32.48,57.45,4082.07,False,,допустимо,,,,normal
783,49,MPK,2023-12-23,2.86,75.22,1610.87,True,Most let best remember.,требует мер,11.7,16.32,7.69,
784,72,TFI,2025-08-22,3.8,54.33,11280.69,False,,удовлетворительно,,,,
785,63,PVK,2024-11-12,20.06,47.8,19216.18,False,,недопустимо,,,,
786,59,VIBRO,2024-05-01,18.81,19.64,16016.23,False,,допустимо,,,,
787,35,GEO,2025-05-26,8.2,67.21,18407.07,False,,допустимо,,,,normal
788,58,MFL,2025-05-21,28.97,26.14,5763.16,True,Respond investment decide those free.,недопустимо,4.8,9.89,15.93,medium
789,75,MFL,2025-08-06,29.75,1.47,14016.11,False,,недопустимо,,,,
790,86,UTWM,2024-08-14,24.7,1.8,13867.42,True,Picture night mention century address.,требует мер,16.05,7.61,11.69,high
791,4,VIK,2024-04-26,-14.97,92.21,5287.38,True,I husband or cold while.,недопустимо,8.35,13.7,9.32,
792,79,VIK,2025-01-26,-19.05,40.09,18883.94,True,Government itself pattern church woman race.,недопустимо,19.81,7.01,18.55,high
793,22,PVK,2025-11-28,-6.14,94.89,3970.61,True,Doctor black indeed price fight day.,недопустимо,8.42,8.25,4.04,
794,50,RGK,2025-01-02,-9.25,27.82,8378.53,False,,допустимо,,,,normal
795,68,VIK,2024-12-10,-14.41,40.5,6327.15,True,Economic them machine wall human religious.,требует мер,1.1,14.04,10.27,medium
796,48,RGK,2025-02-01,6.41,89.52,16009.65,False,,допустимо,,,,normal
797,7,TVK,2024-04-16,1.48,50.09,19379.48,False,,допустимо,,,,normal
798,92,MFL,2024-09-24,-10.46,25.28,13678.43,True,Short admit century.,требует мер,12.35,19.58,12.21,high
799,57,GEO,2025-07-13,14.19,15.57,10902.07,False,,требует мер,,,,
800,11,UZK,2024-01-06,-1.93,33.57,5357.91,True,Focus they especially road stay spring writer.,допустимо,16.13,10.25,9.49,high
801,21,RGK,2024-05-13,22.14,86.58,12478.38,True,Test culture value group least himself.,допустимо,12.29,16.04,3.7,high
802,98,VIK,2025-04-30,-16.09,60.63,19837.26,False,,удовлетворительно,,,,normal
803,49,VIBRO,2024-02-16,25.74,58.86,890.35,False,,недопустимо,,,,
804,56,UZK,2024-08-06,5.61,23.25,10442.02,False,,допустимо,,,,
805,76,PVK,2024-05-25,16.91,87.8,15835.4,False,,удовлетворительно,,,,normal
806,90,MFL,2024-12-07,36.81,33.56,3062.55,True,Surface action message civil mention majority.,требует мер,2.04,14.35,11.41,medium
807,50,GEO,2025-03-27,7.6,14.1,16539.57,True,Rule last value traditional.,удовлетворительно,17.7,18.07,7.57,high
808,2,TVK,2024-09-19,30.9,17.26,14672.23,True,Trouble attack project plan.,допустимо,2.6,5.24,11.1,medium
809,8,UTWM,2025-05-31,-17.91,55.92,1754.2,True,Business kind nice use more dog happen such.,удовлетворительно,4.09,6.94,5.24,normal
810,6,PVK,2024-08-12,20.91,86.78,8700.52,False,,допустимо,,,,
811,29,VIK,2025-09-30,-14.1,86.97,981.65,False,,требует мер,,,,normal
812,25,RGK,2025-01-26,13.08,16.44,6852.28,False,,удовлетворительно,,,,normal
813,55,UTWM,2024-04-20,-10.71,46.73,13562.92,False,,требует мер,,,,
814,56,UTWM,2024-02-01,-17.74,73.19,12390.07,False,,удовлетворительно,,,,normal
815,47,VIK,2024-11-05,12.32,41.94,18523.6,False,,удовлетворительно,,,,
816,71,PVK,2025-06-15,10.66,4.07,15591.28,True,Break foot ask eat ask thus.,допустимо,2.59,4.15,3.32,normal
817,11,RGK,2025-06-29,13.25,55.45,12715.18,True,Exist professional guess camera.,удовлетворительно,17.62,1.42,14.42,
818,77,VIK,2023-12-18,2.17,50.48,4932.21,True,Issue gun country hold environmental.,недопустимо,19.23,12.55,9.84,high
819,12,GEO,2025-12-01,-2.06,99.37,19906.38,False,,допустимо,,,,normal
820,85,MPK,2024-12-15,31.43,59.17,13912.25,True,Unit blood certain student check together home.,требует мер,1.19,13.58,14.18,medium
821,48,TFI,2024-04-26,6.17,83.6,9724.73,True,Throw outside feel anyone laugh return young.,недопустимо,4.25,13.81,12.38,
822,94,MPK,2024-11-15,-14.12,3.24,2770.78,True,Somebody lot page media. Oil sort support book.,требует мер,5.61,16.44,14.28,high
823,54,TFI,2024-01-04,-18.69,44.75,12157.54,True,Its audience shoulder deal.,удовлетворительно,10.34,8.4,17.95,
824,85,VIK,2025-04-29,21.39,92.77,2503.0,True,Paper few big election.,требует мер,11.07,0.76,14.35,medium
825,32,RGK,2025-02-02,32.83,47.17,16545.91,True,Leg generation religious.,недопустимо,2.75,15.36,5.85,medium
826,80,PVK,2025-05-23,12.61,78.69,747.6,False,,недопустимо,,,,normal
827,96,TVK,2025-12-03,33.64,33.16,12154.59,True,Your be draw window similar tree.,удовлетворительно,15.89,14.01,7.36,
828,24,TFI,2025-02-25,-15.92,68.28,7308.89,True,Industry bad thus window cost office.,удовлетворительно,2.45,18.64,17.52,
829,11,VIK,2024-07-30,2.94,20.36,13449.28,False,,требует мер,,,,normal
830,25,VIBRO,2025-06-13,7.43,82.84,7119.66,False,,удовлетворительно,,,,
831,86,UZK,2024-07-09,1.52,55.48,559.68,True,Company program major hope behind phone trip.,недопустимо,19.0,5.76,2.1,
832,89,MPK,2025-07-13,18.27,98.83,5871.52,False,,недопустимо,,,,normal
833,9,VIBRO,2025-01-23,0.49,19.99,10772.04,False,,допустимо,,,,
834,64,UTWM,2024-06-03,33.85,82.01,6256.21,True,Physical tend system bad treat.,удовлетворительно,8.3,5.68,6.22,
835,78,UZK,2024-01-14,6.42,42.86,5957.25,False,,требует мер,,,,normal
836,68,MPK,2024-06-14,34.89,43.48,15537.14,False,,удовлетворительно,,,,normal
837,69,PVK,2025-11-14,-6.62,39.14,13807.18,False,,допустимо,,,,
838,0,GEO,2025-11-27,-3.85,84.01,16773.81,False,,недопустимо,,,,normal
839,37,PVK,2025-05-21,-14.87,74.77,1758.58,True,Age probably arrive room.,недопустимо,13.21,1.5,13.79,medium
840,23,UTWM,2025-11-04,14.85,9.15,1826.01,False,,требует мер,,,,
841,50,PVK,2025-03-23,-19.62,21.92,2365.12,False,,требует мер,,,,normal
842,98,TFI,2024-11-08,3.51,9.43,16187.32,True,Visit sometimes interesting.,допустимо,16.85,10.82,11.93,
843,48,GEO,2025-04-22,-14.34,10.04,16948.86,True,Run my turn stop front.,недопустимо,13.72,11.65,17.29,
844,21,TVK,2024-09-12,-9.96,12.47,19584.74,False,,требует мер,,,,normal
845,92,TVK,2025-09-19,17.7,82.12,18226.03,False,,требует мер,,,,
846,38,VIBRO,2024-04-19,-3.91,35.03,4553.97,False,,недопустимо,,,,
847,67,TVK,2024-08-22,31.48,10.47,12360.82,True,We part less land.,допустимо,17.66,8.67,9.12,high
848,74,GEO,2025-04-05,13.56,88.21,2055.31,False,,недопустимо,,,,
849,43,RGK,2025-11-15,34.59,83.6,16850.27,True,Cup time politics final rich effort physical low.,недопустимо,15.2,5.76,8.04,
850,49,UTWM,2025-09-17,-8.13,59.19,7136.45,True,Data face state environment population good loss.,недопустимо,0.62,2.6,1.33,normal
851,49,VIK,2024-08-03,-19.49,91.35,9307.4,False,,допустимо,,,,
852,25,VIBRO,2025-06-03,26.05,85.1,3859.98,True,Real administration where.,допустимо,16.03,1.56,13.49,
853,43,VIBRO,2024-09-24,11.24,43.11,18160.97,True,Method cup every hope.,недопустимо,5.45,1.94,16.93,medium
854,70,MPK,2024-08-18,5.63,81.03,17806.81,False,,допустимо,,,,normal
855,82,VIK,2024-11-02,-9.84,26.43,19748.23,False,,удовлетворительно,,,,normal
856,81,UZK,2024-10-09,-18.29,90.27,3952.28,True,Bar sound especially voice.,требует мер,3.17,17.56,8.2,
857,59,RGK,2024-08-13,-11.05,78.05,16720.57,True,Marriage page whatever have since writer.,допустимо,11.02,1.09,10.68,medium
858,35,UZK,2025-10-20,5.21,87.53,2372.5,True,By method sort mouth require.,недопустимо,1.25,2.19,1.84,
859,8,GEO,2025-04-07,4.69,34.96,18011.3,False,,допустимо,,,,
860,89,RGK,2025-10-06,-11.94,78.24,10916.69,False,,требует мер,,,,normal
861,25,UZK,2024-03-01,7.95,50.56,9564.72,False,,требует мер,,,,
862,31,VIK,2025-11-14,7.97,18.07,18563.6,True,Range peace identify dream bill.,допустимо,11.44,8.95,10.17,
863,71,UTWM,2024-11-28,29.11,78.24,17027.12,True,Community role pretty system.,недопустимо,2.26,3.41,15.72,
864,77,VIBRO,2024-09-28,-19.06,66.33,17300.64,True,Administration vote manage protect.,допустимо,4.03,16.3,3.1,
865,59,MFL,2025-01-30,16.74,90.85,18077.99,True,Citizen never clear mother loss.,удовлетворительно,12.43,13.71,16.38,high
866,42,TFI,2024-08-05,34.73,9.81,7473.21,True,Minute throw him little always unit.,недопустимо,16.19,2.15,9.98,
867,36,RGK,2024-07-30,26.38,17.69,5000.99,False,,недопустимо,,,,normal
868,36,MFL,2025-02-13,5.75,29.21,10716.52,False,,удовлетворительно,,,,normal
869,75,PVK,2025-10-22,-0.06,40.39,18337.64,False,,недопустимо,,,,normal
870,64,UTWM,2025-02-14,29.46,68.28,11436.71,False,,удовлетворительно,,,,
871,14,MPK,2024-02-07,6.86,21.38,16622.2,True,Win subject face bad six.,требует мер,2.68,12.94,10.33,medium
872,78,TVK,2024-04-20,32.29,29.23,6011.8,False,,требует мер,,,,normal
873,47,VIK,2024-09-28,26.86,33.38,13180.6,False,,допустимо,,,,
874,21,VIBRO,2025-01-07,39.76,12.94,13359.5,False,,допустимо,,,,
875,39,TVK,2024-09-02,16.87,72.97,13635.17,False,,допустимо,,,,normal
876,81,TVK,2024-04-24,26.52,50.1,16657.36,False,,допустимо,,,,
877,17,MPK,2024-06-05,29.74,13.74,18930.04,False,,требует мер,,,,
878,83,UZK,2024-12-20,13.55,18.22,1707.01,False,,удовлетворительно,,,,normal
879,46,VIBRO,2025-08-21,3.88,54.94,4546.02,False,,удовлетворительно,,,,normal
880,22,MPK,2024-12-31,-12.41,41.83,4983.54,False,,недопустимо,,,,normal
881,51,TFI,2024-12-27,34.89,34.65,4498.49,True,Public leader decision dark.,удовлетворительно,14.85,14.93,12.63,
882,82,VIK,2024-03-11,-19.08,59.08,931.94,True,Likely administration part.,допустимо,16.47,18.13,14.91,high
883,43,PVK,2024-06-07,12.9,59.66,18486.32,False,,требует мер,,,,normal
884,46,UTWM,2025-10-31,-14.69,0.41,13603.57,False,,удовлетворительно,,,,normal
885,98,PVK,2024-07-28,19.21,76.5,2699.28,False,,требует мер,,,,
886,84,MFL,2024-09-24,23.11,97.75,622.86,False,,требует мер,,,,
887,70,VIK,2024-05-13,9.87,48.77,5496.54,False,,удовлетворительно,,,,
888,53,TVK,2024-10-19,-17.47,28.3,9521.72,False,,допустимо,,,,normal
889,85,VIBRO,2024-01-21,-11.41,22.27,7246.31,False,,недопустимо,,,,normal
890,68,TVK,2025-02-10,10.94,65.65,15747.52,False,,требует мер,,,,
891,41,MPK,2024-10-27,11.18,78.15,3248.82,True,Improve heart join theory response heart sit.,допустимо,13.03,10.42,6.44,
892,9,VIBRO,2025-03-23,-19.14,93.38,8014.04,True,Expert civil film ten.,удовлетворительно,19.01,17.27,13.12,
893,47,VIBRO,2025-07-28,-6.04,51.94,7090.99,True,Put ground arrive attack.,требует мер,6.04,4.11,13.37,
894,53,RGK,2025-09-07,-17.28,2.9,7876.0,False,,требует мер,,,,normal
895,7,MFL,2025-05-23,-8.89,42.69,9216.52,False,,недопустимо,,,,
896,53,RGK,2025-01-26,-18.42,92.81,10817.81,False,,допустимо,,,,
897,85,VIBRO,2024-12-03,27.69,3.64,12457.81,False,,недопустимо,,,,
898,81,VIBRO,2025-11-29,-10.36,30.45,11898.7,False,,допустимо,,,,
899,23,UZK,2024-09-12,30.72,69.89,18649.56,True,Civil involve wife home job certainly.,допустимо,12.22,11.7,19.03,
900,23,UZK,2024-03-07,-7.22,98.7,19620.23,False,,требует мер,,,,normal
901,40,TFI,2025-09-03,36.51,14.36,676.77,False,,требует мер,,,,normal
902,42,TVK,2024-08-26,8.9,42.77,10782.98,True,To push box them before.,удовлетворительно,15.69,12.66,16.27,
903,89,GEO,2024-10-01,-1.04,99.61,18632.48,True,Five call know with charge.,недопустимо,14.52,15.37,7.65,
904,80,UZK,2024-07-14,8.14,34.92,2347.67,True,Bar report piece yes here condition star.,допустимо,13.48,5.73,10.43,medium
905,97,MPK,2025-04-14,-10.05,93.09,11932.0,False,,допустимо,,,,normal
906,57,TFI,2025-08-04,39.11,80.26,3932.58,False,,требует мер,,,,
907,70,VIK,2024-04-22,30.12,66.11,12249.63,True,Those alone happy whose.,допустимо,19.03,11.44,4.35,high
908,87,TVK,2024-03-12,34.19,43.73,12907.99,False,,требует мер,,,,
909,68,UTWM,2025-03-28,30.88,5.54,6031.08,True,American anyone black someone.,допустимо,11.12,2.4,13.77,medium
910,96,VIBRO,2025-03-03,27.36,39.6,18624.49,True,It bed body not move.,требует мер,6.56,5.72,17.26,
911,11,PVK,2024-07-02,10.5,20.1,17170.88,False,,требует мер,,,,
912,19,PVK,2025-11-05,34.09,26.3,13327.5,True,Thought method down approach very.,удовлетворительно,12.8,15.48,8.84,
913,68,UZK,2025-06-11,12.92,41.67,19091.47,True,Author reveal break sort eight.,недопустимо,8.45,3.51,6.2,
914,92,TFI,2025-01-02,-15.6,77.99,618.81,True,Drop interesting another protect others.,недопустимо,19.14,10.91,0.75,medium
915,5,TVK,2025-02-09,35.36,33.07,16777.96,True,Such surface its style including consider ok.,удовлетворительно,4.02,1.69,19.84,medium
916,75,TVK,2024-01-30,9.64,36.97,17729.37,True,Focus stock energy bring pull wall.,допустимо,18.8,13.5,19.95,
917,82,VIK,2024-12-07,-10.08,94.64,3790.04,True,Nature father establish.,недопустимо,6.86,3.54,13.97,
918,94,UTWM,2025-11-08,11.1,61.0,5036.01,True,Above gun room fill military.,допустимо,10.0,12.43,17.0,
919,7,UZK,2025-09-22,23.15,31.75,1931.98,False,,требует мер,,,,
920,4,PVK,2024-02-28,1.25,97.66,19994.66,True,Professional use officer yet.,требует мер,13.99,4.88,5.11,medium
921,29,TVK,2025-03-20,29.33,26.46,13082.2,False,,требует мер,,,,normal
922,7,VIK,2024-11-07,12.35,80.23,3111.42,False,,требует мер,,,,normal
923,49,GEO,2025-03-22,-1.23,71.63,1617.55,False,,требует мер,,,,normal
924,27,MPK,2025-10-06,6.13,57.95,13907.04,False,,недопустимо,,,,
925,15,RGK,2024-12-24,36.38,45.9,19988.46,True,Gun amount some. Loss Republican book seem.,допустимо,19.05,12.0,7.74,high
926,12,TVK,2025-08-12,-5.02,91.87,10362.44,True,Center three across hour technology.,допустимо,5.47,2.78,2.54,normal
927,10,UZK,2025-02-15,22.74,42.17,18392.34,True,Fish nature different condition capital beyond.,требует мер,15.5,12.19,13.59,
928,27,VIK,2024-11-30,-3.91,43.75,19628.26,True,Clearly record class family establish shake.,допустимо,3.74,17.55,3.09,
929,92,VIBRO,2025-07-21,33.05,35.26,9335.9,False,,удовлетворительно,,,,
930,91,UTWM,2025-01-10,-5.41,59.37,6254.24,False,,недопустимо,,,,normal
931,17,PVK,2025-11-09,-5.31,7.01,5418.1,True,Democratic happy cut high key value with.,удовлетворительно,3.45,14.07,16.15,medium
932,52,PVK,2024-08-09,22.91,16.56,320.89,False,,удовлетворительно,,,,
933,57,RGK,2025-05-27,-19.06,57.25,12069.0,True,System behavior language those.,удовлетворительно,12.65,1.82,2.8,
934,24,RGK,2024-05-14,23.48,80.49,2529.49,False,,удовлетворительно,,,,
935,20,MFL,2024-08-27,22.72,72.99,6159.21,False,,допустимо,,,,
936,96,RGK,2024-04-22,-2.24,20.98,7270.67,False,,удовлетворительно,,,,
937,40,UZK,2025-09-04,19.86,93.11,14402.93,True,Throughout law number cell exist.,допустимо,18.76,7.02,6.28,high
938,44,TVK,2024-04-23,-6.27,6.87,13485.69,True,Personal act office rise. Scene leg during ahead.,допустимо,1.89,19.33,0.87,
939,51,MPK,2024-08-07,-16.77,64.15,15362.72,True,Finally crime hard anyone.,допустимо,1.16,5.11,8.41,
940,48,VIK,2025-12-01,-6.98,48.49,9880.09,False,,допустимо,,,,
941,66,RGK,2025-11-11,29.64,23.48,6921.56,True,Others nearly or sort run consider.,недопустимо,15.89,10.2,0.81,medium
942,39,RGK,2024-12-29,-17.35,57.78,18528.5,True,Scientist if leave gun industry media phone.,недопустимо,10.82,10.46,18.76,
943,35,PVK,2024-07-20,24.63,56.94,15008.18,True,Eat here easy. Son letter child force necessary.,допустимо,0.87,18.94,4.18,medium
944,40,TVK,2025-08-29,-2.65,58.58,3417.24,False,,допустимо,,,,
945,57,TVK,2024-08-19,9.52,99.85,9579.07,True,Early next at bed strategy force expect.,удовлетворительно,18.36,3.01,1.87,
946,36,VIK,2025-08-25,16.06,68.53,17678.46,False,,требует мер,,,,
947,49,VIBRO,2024-04-25,26.63,29.1,10972.43,True,Society road nearly back.,допустимо,1.87,7.0,9.61,normal
948,41,MPK,2025-11-08,-11.89,39.36,10457.0,False,,удовлетворительно,,,,
949,54,MPK,2025-02-10,-3.14,16.25,11161.09,True,Or hotel require.,требует мер,11.77,18.05,9.87,high
950,4,VIK,2024-07-28,26.66,16.11,15768.37,False,,удовлетворительно,,,,
951,93,MFL,2025-02-23,31.86,63.74,15827.05,True,Fall glass why such.,удовлетворительно,3.02,14.65,12.26,medium
952,70,TVK,2025-08-07,32.89,68.62,3699.97,True,Owner teach most view eye.,допустимо,2.84,8.12,16.97,medium
953,82,MPK,2024-12-21,19.03,28.73,11585.54,False,,требует мер,,,,
954,25,MPK,2025-05-01,-14.79,71.23,5012.25,True,Tax its trouble check note clear management.,недопустимо,0.73,18.23,17.85,high
955,87,GEO,2024-02-25,35.53,0.54,2673.04,True,News must science throw above fire.,удовлетворительно,4.26,6.42,11.16,medium
956,46,TVK,2025-02-04,-17.86,85.61,6767.44,True,Form century day brother though form.,требует мер,2.22,12.17,5.38,medium
957,48,GEO,2024-08-01,33.8,76.77,16353.29,False,,допустимо,,,,normal
958,92,VIK,2024-03-11,6.41,24.21,11457.05,True,Meeting eat practice short.,допустимо,11.97,2.67,7.07,
959,95,VIBRO,2024-12-28,20.29,39.74,15509.24,True,Somebody company live choice.,допустимо,17.35,2.66,10.23,medium
960,56,RGK,2024-04-26,14.46,60.89,6141.33,True,Continue walk maybe.,требует мер,12.43,3.4,5.02,medium
961,60,TVK,2025-02-28,15.86,81.19,2664.44,True,Indeed audience arrive.,допустимо,4.65,13.53,1.39,medium
962,43,PVK,2025-07-11,29.92,5.76,16513.29,False,,допустимо,,,,
963,58,UZK,2024-07-01,-13.46,40.01,17667.58,False,,допустимо,,,,normal
964,1,PVK,2024-08-28,29.24,3.72,17744.19,False,,удовлетворительно,,,,normal
965,63,TVK,2024-04-24,19.75,89.71,18334.52,True,Southern firm back people scene citizen apply.,допустимо,4.7,6.96,18.55,medium
966,69,VIBRO,2025-10-27,-16.75,90.65,8889.9,True,One something four out continue after protect.,допустимо,9.89,2.45,7.84,
967,4,VIK,2024-02-26,11.79,53.8,7929.91,True,Some production coach. Alone modern deep.,удовлетворительно,18.54,8.41,18.7,high
968,54,VIK,2024-10-18,-11.09,55.04,14720.82,False,,требует мер,,,,
969,48,MPK,2024-06-02,27.26,57.83,13218.82,True,Prove itself public hot.,требует мер,6.51,4.66,8.94,normal
970,80,MFL,2025-10-16,-2.29,9.52,5251.23,True,Rich paper trade front size use.,допустимо,14.48,15.99,17.57,high
971,69,MFL,2024-05-03,-16.59,95.7,13730.49,False,,недопустимо,,,,
972,55,UZK,2025-08-04,0.15,81.37,17324.65,True,Condition save win free.,требует мер,3.16,6.8,13.85,medium
973,38,RGK,2024-05-12,0.07,69.37,3264.57,True,Street hold college.,требует мер,9.9,2.92,9.14,
974,40,TVK,2024-08-21,37.15,44.95,7058.4,True,Our anyone film conference there.,допустимо,3.53,7.93,3.42,
975,83,PVK,2024-03-13,32.09,68.61,12251.99,True,Law party yes wide process attention toward join.,удовлетворительно,13.24,1.12,10.72,
976,19,PVK,2025-08-12,-9.06,28.92,141.4,False,,требует мер,,,,
977,48,UTWM,2025-02-23,28.79,3.07,18844.75,False,,удовлетворительно,,,,
978,58,UTWM,2024-10-01,10.33,87.2,2147.67,False,,допустимо,,,,normal
979,19,RGK,2025-09-28,-11.89,78.5,19992.29,False,,требует мер,,,,
980,47,MFL,2024-03-13,1.58,21.48,111.17,False,,требует мер,,,,normal
981,22,GEO,2024-04-25,-6.01,7.05,7588.25,True,Recognize poor there its.,допустимо,7.18,12.35,17.67,high
982,49,TVK,2025-11-21,29.51,82.76,17498.76,True,Leave side among laugh lay.,удовлетворительно,1.67,9.55,2.82,
983,82,TFI,2024-09-08,-3.35,46.05,13717.88,True,Trade own meet purpose may near.,недопустимо,6.5,17.74,11.11,high
984,26,TVK,2024-02-09,10.37,45.18,19337.98,True,Address student far crime.,удовлетворительно,7.09,12.12,9.61,
985,23,GEO,2024-02-09,-6.1,50.63,19048.72,True,Whose task here poor point.,удовлетворительно,1.41,7.04,12.83,medium
986,92,PVK,2024-07-11,-4.8,91.12,3094.17,True,Mr yourself study cut.,удовлетворительно,9.55,18.62,2.53,medium
987,4,MPK,2024-02-18,25.08,68.85,4512.9,True,Will full produce today.,недопустимо,5.36,14.79,14.1,
988,91,MFL,2025-03-24,9.21,76.21,452.38,True,Spend red meeting near collection piece run stay.,требует мер,9.13,2.19,3.98,
989,71,TVK,2024-12-28,14.32,39.82,7830.43,True,Part inside base effect. Could around learn buy.,удовлетворительно,13.41,9.18,9.72,
990,53,MFL,2024-05-30,25.48,70.02,11442.06,False,,недопустимо,,,,
991,95,GEO,2025-10-13,9.73,14.58,11727.28,False,,недопустимо,,,,
992,85,VIBRO,2024-02-20,37.27,74.95,18927.13,True,Series attention season.,требует мер,5.78,12.83,14.56,high
993,61,RGK,2025-05-20,-1.76,87.64,12851.64,False,,удовлетворительно,,,,
994,18,MPK,2024-06-04,-0.42,83.13,19299.9,True,Local professor same shoulder father able inside.,требует мер,14.25,18.33,4.56,
995,45,MPK,2025-04-17,36.21,46.83,16636.65,True,Method represent small sure.,недопустимо,4.46,6.85,13.12,
996,36,UZK,2025-09-05,17.49,21.69,1253.09,True,Evening south enjoy law military mean.,требует мер,16.8,6.9,6.7,
997,60,MPK,2025-04-22,23.41,29.02,18151.31,True,Just occur news at course rich mention key.,допустимо,5.3,7.93,10.95,
998,20,PVK,2024-03-26,5.09,24.6,15361.24,True,Car range democratic paper.,недопустимо,8.72,15.87,8.33,medium
999,0,VIBRO,2024-12-18,15.18,22.89,19955.64,False,,удовлетворительно,,,,normal
1000,98,PVK,2025-11-10,29.26,26.63,6298.06,True,Most wish break perform responsibility.,требует мер,5.62,8.12,8.64,
